Position_Open,Position_Close,Market,Return
06-Jan-2006 18:00:00,06-Jan-2006 21:00:00,commodity_1,-0.0228520247175443
17-Jan-2006 15:00:00,17-Jan-2006 21:00:00,commodity_1,0.691118903221007
20-Jan-2006 19:00:00,20-Jan-2006 21:00:00,commodity_1,-0.530484449125947
02-Feb-2006 19:30:00,02-Feb-2006 21:00:00,commodity_1,-0.0667897430889337
07-Feb-2006 19:30:00,07-Feb-2006 21:00:00,commodity_1,0.00868630773290864
14-Feb-2006 19:30:00,14-Feb-2006 21:00:00,commodity_1,0.178113318108332
15-Feb-2006 19:30:00,15-Feb-2006 21:00:00,commodity_1,0.0371869210831078
21-Feb-2006 15:00:00,21-Feb-2006 21:00:00,commodity_1,0.100419503195408
22-Feb-2006 18:30:00,22-Feb-2006 21:00:00,commodity_1,-0.0818495565704805
24-Feb-2006 15:30:00,24-Feb-2006 21:00:00,commodity_1,0.228963135653907
27-Feb-2006 16:00:00,27-Feb-2006 21:00:00,commodity_1,0.160418641185828
06-Mar-2006 18:00:00,06-Mar-2006 21:00:00,commodity_1,-0.195204571331209
08-Mar-2006 17:00:00,08-Mar-2006 21:00:00,commodity_1,0.0367700259182482
13-Mar-2006 19:00:00,13-Mar-2006 21:00:00,commodity_1,-0.0253612131375794
16-Mar-2006 19:00:00,16-Mar-2006 21:00:00,commodity_1,-0.216532939218689
20-Mar-2006 19:00:00,20-Mar-2006 21:00:00,commodity_1,0.219744531709106
23-Mar-2006 16:00:00,23-Mar-2006 21:00:00,commodity_1,0.262539302227521
28-Mar-2006 17:00:00,28-Mar-2006 21:00:00,commodity_1,0.106658757886862
21-Apr-2006 19:00:00,21-Apr-2006 21:00:00,commodity_1,0
24-Apr-2006 19:00:00,24-Apr-2006 21:00:00,commodity_1,-0.146057569026003
28-Apr-2006 18:00:00,28-Apr-2006 21:00:00,commodity_1,-0.647987872154475
01-May-2006 19:00:00,01-May-2006 21:00:00,commodity_1,0.34736092238228
03-May-2006 19:00:00,03-May-2006 21:00:00,commodity_1,0.117894791204617
04-May-2006 16:30:00,04-May-2006 21:00:00,commodity_1,0.33768266317898
08-May-2006 16:30:00,08-May-2006 21:00:00,commodity_1,-1.05051165291803
15-May-2006 15:00:00,15-May-2006 21:00:00,commodity_1,-0.247179759688606
23-May-2006 17:00:00,23-May-2006 21:00:00,commodity_1,0.10832102920239
02-Jun-2006 17:30:00,02-Jun-2006 21:00:00,commodity_1,0.139215673095362
07-Jun-2006 19:00:00,07-Jun-2006 21:00:00,commodity_1,-0.129724211519807
13-Jun-2006 16:30:00,13-Jun-2006 21:00:00,commodity_1,0.213540493046509
13-Jul-2006 19:00:00,13-Jul-2006 21:00:00,commodity_1,0.0389878182465015
17-Jul-2006 19:30:00,17-Jul-2006 21:00:00,commodity_1,0.0816028318678135
19-Jul-2006 16:30:00,19-Jul-2006 21:00:00,commodity_1,-0.658113561217705
25-Jul-2006 16:30:00,25-Jul-2006 21:00:00,commodity_1,-0.0495122336908573
28-Jul-2006 16:00:00,28-Jul-2006 21:00:00,commodity_1,-0.0560374515444693
07-Aug-2006 15:00:00,07-Aug-2006 21:00:00,commodity_1,0.181474961795445
10-Aug-2006 16:30:00,10-Aug-2006 21:00:00,commodity_1,-0
14-Aug-2006 15:30:00,14-Aug-2006 21:00:00,commodity_1,-0.291140945224188
17-Aug-2006 17:30:00,17-Aug-2006 21:00:00,commodity_1,0.0763891258565817
23-Aug-2006 17:30:00,23-Aug-2006 21:00:00,commodity_1,-0.215019099467301
28-Aug-2006 15:30:00,28-Aug-2006 21:00:00,commodity_1,0.363661189863095
01-Sep-2006 19:00:00,01-Sep-2006 21:00:00,commodity_1,-0.0140931860948854
19-Sep-2006 18:00:00,19-Sep-2006 21:00:00,commodity_1,0.706930587987502
22-Sep-2006 19:00:00,22-Sep-2006 21:00:00,commodity_1,-0.0936226565886285
25-Sep-2006 18:30:00,25-Sep-2006 21:00:00,commodity_1,-0.594081701667943
27-Sep-2006 19:30:00,27-Sep-2006 21:00:00,commodity_1,-0.0307176620146778
02-Oct-2006 16:30:00,02-Oct-2006 21:00:00,commodity_1,0.204012681876573
03-Oct-2006 15:00:00,03-Oct-2006 21:00:00,commodity_1,-0.150137392309358
04-Oct-2006 16:00:00,04-Oct-2006 21:00:00,commodity_1,-1.41390259736372
05-Oct-2006 15:00:00,05-Oct-2006 21:00:00,commodity_1,-0.502032753081537
09-Oct-2006 18:00:00,09-Oct-2006 21:00:00,commodity_1,-0.934703192358455
10-Oct-2006 17:00:00,10-Oct-2006 21:00:00,commodity_1,0.313485125178341
16-Oct-2006 19:30:00,16-Oct-2006 21:00:00,commodity_1,-0.0165597933608901
17-Oct-2006 19:00:00,17-Oct-2006 21:00:00,commodity_1,-0.0695902816788022
18-Oct-2006 19:00:00,18-Oct-2006 21:00:00,commodity_1,0.0499133687995969
19-Oct-2006 19:00:00,19-Oct-2006 21:00:00,commodity_1,0.0583189228445565
20-Oct-2006 19:30:00,20-Oct-2006 21:00:00,commodity_1,0.00820207969793842
23-Oct-2006 17:00:00,23-Oct-2006 21:00:00,commodity_1,-0.342468747647688
25-Oct-2006 16:00:00,25-Oct-2006 21:00:00,commodity_1,0.217695299743433
30-Oct-2006 15:00:00,30-Oct-2006 21:00:00,commodity_1,-0
31-Oct-2006 15:00:00,31-Oct-2006 21:00:00,commodity_1,-0.894307234425049
03-Nov-2006 18:00:00,03-Nov-2006 21:00:00,commodity_1,0.115006294022399
07-Nov-2006 19:30:00,07-Nov-2006 21:00:00,commodity_1,-0.119844569207455
09-Nov-2006 19:30:00,09-Nov-2006 21:00:00,commodity_1,-0.108006199637593
10-Nov-2006 19:30:00,10-Nov-2006 21:00:00,commodity_1,0.0166720098087733
13-Nov-2006 16:30:00,13-Nov-2006 21:00:00,commodity_1,-0.109314149011889
16-Nov-2006 18:30:00,16-Nov-2006 21:00:00,commodity_1,0.736587349416556
21-Nov-2006 19:30:00,21-Nov-2006 21:00:00,commodity_1,0.0154893539510077
22-Nov-2006 16:30:00,22-Nov-2006 21:00:00,commodity_1,-0.432484333618167
29-Nov-2006 17:30:00,29-Nov-2006 21:00:00,commodity_1,0.170688669210892
04-Dec-2006 15:30:00,04-Dec-2006 21:00:00,commodity_1,-0.295517449105722
14-Dec-2006 17:30:00,14-Dec-2006 21:00:00,commodity_1,-0.108619684615579
26-Dec-2006 16:30:00,26-Dec-2006 21:00:00,commodity_1,0.00832613520025095
03-Jan-2007 15:30:00,03-Jan-2007 21:00:00,commodity_1,-0
04-Jan-2007 15:00:00,04-Jan-2007 21:00:00,commodity_1,-0
05-Jan-2007 19:30:00,05-Jan-2007 21:00:00,commodity_1,0.131286013037085
09-Jan-2007 15:00:00,09-Jan-2007 21:00:00,commodity_1,-0.908898973523533
10-Jan-2007 15:30:00,10-Jan-2007 21:00:00,commodity_1,0.658847095600903
11-Jan-2007 18:30:00,11-Jan-2007 21:00:00,commodity_1,0.104931769821222
16-Jan-2007 16:00:00,16-Jan-2007 21:00:00,commodity_1,0.382587228327108
18-Jan-2007 17:00:00,18-Jan-2007 21:00:00,commodity_1,-0.201748237272839
19-Jan-2007 17:00:00,19-Jan-2007 21:00:00,commodity_1,0.302646266320532
23-Jan-2007 17:30:00,23-Jan-2007 21:00:00,commodity_1,0.807463256230754
25-Jan-2007 19:30:00,25-Jan-2007 21:00:00,commodity_1,-0.0727256327801135
26-Jan-2007 19:30:00,26-Jan-2007 21:00:00,commodity_1,0.0371625855507896
30-Jan-2007 15:00:00,30-Jan-2007 21:00:00,commodity_1,-1.80670073013855
01-Feb-2007 17:30:00,01-Feb-2007 21:00:00,commodity_1,-1.25645097577131
02-Feb-2007 19:30:00,02-Feb-2007 21:00:00,commodity_1,-0.0205507483470392
07-Feb-2007 18:30:00,07-Feb-2007 21:00:00,commodity_1,0.157843263512096
09-Feb-2007 15:00:00,09-Feb-2007 21:00:00,commodity_1,-0.155048851076977
12-Feb-2007 16:00:00,12-Feb-2007 21:00:00,commodity_1,0.110686934382778
14-Feb-2007 17:30:00,14-Feb-2007 21:00:00,commodity_1,-0.311399557687929
16-Feb-2007 18:00:00,16-Feb-2007 21:00:00,commodity_1,0.140288370011213
21-Feb-2007 18:00:00,21-Feb-2007 21:00:00,commodity_1,0.100461995242752
05-Mar-2007 17:00:00,05-Mar-2007 21:00:00,commodity_1,-0.114260598063495
07-Mar-2007 19:30:00,07-Mar-2007 21:00:00,commodity_1,-0.0149830464619476
09-Mar-2007 19:00:00,09-Mar-2007 21:00:00,commodity_1,0.128124902797055
12-Mar-2007 15:00:00,12-Mar-2007 21:00:00,commodity_1,-0.154037623304767
22-Mar-2007 15:00:00,22-Mar-2007 21:00:00,commodity_1,0.331658994360917
28-Mar-2007 15:00:00,28-Mar-2007 21:00:00,commodity_1,-0.0189643294784768
29-Mar-2007 18:00:00,29-Mar-2007 21:00:00,commodity_1,0.134549912753807
03-Apr-2007 15:30:00,03-Apr-2007 21:00:00,commodity_1,-0.0939203585407939
09-Apr-2007 18:00:00,09-Apr-2007 21:00:00,commodity_1,-0
12-Apr-2007 19:00:00,12-Apr-2007 21:00:00,commodity_1,0
24-Apr-2007 18:00:00,24-Apr-2007 21:00:00,commodity_1,-0.257914432404364
25-Apr-2007 19:30:00,25-Apr-2007 21:00:00,commodity_1,0
04-May-2007 18:00:00,04-May-2007 21:00:00,commodity_1,0.0144604314571258
09-May-2007 17:00:00,09-May-2007 21:00:00,commodity_1,-0.416239590490851
17-May-2007 17:00:00,17-May-2007 21:00:00,commodity_1,0.631835776714126
22-May-2007 19:30:00,22-May-2007 21:00:00,commodity_1,-0.112219683710532
24-May-2007 18:30:00,24-May-2007 21:00:00,commodity_1,0.187255500570717
29-May-2007 17:00:00,29-May-2007 21:00:00,commodity_1,0.0289584919571446
04-Jun-2007 17:00:00,04-Jun-2007 21:00:00,commodity_1,-0.164562741654452
08-Jun-2007 17:30:00,08-Jun-2007 21:00:00,commodity_1,0.0287968096256625
14-Jun-2007 17:00:00,14-Jun-2007 21:00:00,commodity_1,0
20-Jun-2007 17:00:00,20-Jun-2007 21:00:00,commodity_1,-0.455282169460548
24-Jul-2007 15:00:00,24-Jul-2007 21:00:00,commodity_1,-0.331456054492098
25-Jul-2007 18:00:00,25-Jul-2007 21:00:00,commodity_1,0.792972101890859
27-Jul-2007 19:00:00,27-Jul-2007 21:00:00,commodity_1,0.214161386053872
31-Jul-2007 19:00:00,31-Jul-2007 21:00:00,commodity_1,0.0496726164736219
01-Aug-2007 19:00:00,01-Aug-2007 21:00:00,commodity_1,-0.227291292815067
03-Aug-2007 19:30:00,03-Aug-2007 21:00:00,commodity_1,-0.00723014459297247
06-Aug-2007 15:00:00,06-Aug-2007 21:00:00,commodity_1,1.42737553261908
13-Aug-2007 16:30:00,13-Aug-2007 21:00:00,commodity_1,-0.94614231688214
15-Aug-2007 16:30:00,15-Aug-2007 21:00:00,commodity_1,-0.426003723654019
16-Aug-2007 15:00:00,16-Aug-2007 21:00:00,commodity_1,0.357911160220041
20-Aug-2007 18:30:00,20-Aug-2007 21:00:00,commodity_1,-0.653268883995339
21-Aug-2007 17:00:00,21-Aug-2007 21:00:00,commodity_1,-0.13351101274571
24-Aug-2007 19:00:00,24-Aug-2007 21:00:00,commodity_1,-0.0632235472884534
29-Aug-2007 17:00:00,29-Aug-2007 21:00:00,commodity_1,0.251031212251162
12-Sep-2007 18:30:00,12-Sep-2007 21:00:00,commodity_1,-0.0580488455446291
27-Sep-2007 18:30:00,27-Sep-2007 21:00:00,commodity_1,0.673662945055798
01-Oct-2007 17:30:00,01-Oct-2007 21:00:00,commodity_1,-0.352205206341731
04-Oct-2007 18:30:00,04-Oct-2007 21:00:00,commodity_1,-0.044627503956874
08-Oct-2007 16:30:00,08-Oct-2007 21:00:00,commodity_1,0.104384071124749
09-Oct-2007 16:30:00,09-Oct-2007 21:00:00,commodity_1,-0.286726317921522
11-Oct-2007 16:00:00,11-Oct-2007 21:00:00,commodity_1,0.0219857781446631
15-Oct-2007 17:30:00,15-Oct-2007 21:00:00,commodity_1,0.590408981533721
16-Oct-2007 17:30:00,16-Oct-2007 21:00:00,commodity_1,-0.278672294536587
18-Oct-2007 19:30:00,18-Oct-2007 21:00:00,commodity_1,0.202795366131045
24-Oct-2007 19:00:00,24-Oct-2007 21:00:00,commodity_1,0.316064875196948
25-Oct-2007 18:00:00,25-Oct-2007 21:00:00,commodity_1,0.626366836980761
29-Oct-2007 19:00:00,29-Oct-2007 21:00:00,commodity_1,-0.0422147371298492
30-Oct-2007 16:00:00,30-Oct-2007 21:00:00,commodity_1,1.54138005920766
31-Oct-2007 15:00:00,31-Oct-2007 21:00:00,commodity_1,3.16998512148338
01-Nov-2007 18:00:00,01-Nov-2007 21:00:00,commodity_1,-0.77403585219281
02-Nov-2007 18:30:00,02-Nov-2007 21:00:00,commodity_1,0.0704385688585631
06-Nov-2007 15:30:00,06-Nov-2007 21:00:00,commodity_1,0
12-Nov-2007 15:00:00,12-Nov-2007 21:00:00,commodity_1,-0.105929022691905
13-Nov-2007 16:30:00,13-Nov-2007 21:00:00,commodity_1,0.324557524601785
14-Nov-2007 15:30:00,14-Nov-2007 21:00:00,commodity_1,0.419239377364063
16-Nov-2007 19:00:00,16-Nov-2007 21:00:00,commodity_1,-0.128714082156201
20-Nov-2007 15:30:00,20-Nov-2007 21:00:00,commodity_1,1.03217893213906
23-Nov-2007 19:00:00,23-Nov-2007 21:00:00,commodity_1,0.0283892349134967
27-Nov-2007 15:00:00,27-Nov-2007 21:00:00,commodity_1,0.365010288056127
28-Nov-2007 16:30:00,28-Nov-2007 21:00:00,commodity_1,0.462236507463689
30-Nov-2007 15:30:00,30-Nov-2007 21:00:00,commodity_1,0.217381456240426
04-Dec-2007 15:30:00,04-Dec-2007 21:00:00,commodity_1,-0.213323389154902
06-Dec-2007 19:00:00,06-Dec-2007 21:00:00,commodity_1,0.705841802637117
07-Dec-2007 15:00:00,07-Dec-2007 21:00:00,commodity_1,0.268606672558356
11-Dec-2007 17:30:00,11-Dec-2007 21:00:00,commodity_1,-0.0755847455312808
12-Dec-2007 15:00:00,12-Dec-2007 21:00:00,commodity_1,2.06919600043527
19-Dec-2007 19:00:00,19-Dec-2007 21:00:00,commodity_1,-0.53400597225621
21-Dec-2007 18:00:00,21-Dec-2007 21:00:00,commodity_1,0.0812659353167402
26-Dec-2007 15:00:00,26-Dec-2007 21:00:00,commodity_1,0.0217075640007303
02-Jan-2008 15:00:00,02-Jan-2008 21:00:00,commodity_1,1.15820864325732
07-Jan-2008 16:00:00,07-Jan-2008 21:00:00,commodity_1,0.221229284905001
08-Jan-2008 17:00:00,08-Jan-2008 21:00:00,commodity_1,-0.736875835462916
10-Jan-2008 15:00:00,10-Jan-2008 21:00:00,commodity_1,-0.264969434939545
15-Jan-2008 15:00:00,15-Jan-2008 21:00:00,commodity_1,0.00845484865197887
16-Jan-2008 16:00:00,16-Jan-2008 21:00:00,commodity_1,-1.51288780769496
21-Jan-2008 17:00:00,21-Jan-2008 21:00:00,commodity_1,0.0958699371141552
23-Jan-2008 17:00:00,23-Jan-2008 21:00:00,commodity_1,0.354895832917644
31-Jan-2008 15:00:00,31-Jan-2008 21:00:00,commodity_1,-1.28254175814375
01-Feb-2008 17:30:00,01-Feb-2008 21:00:00,commodity_1,0.19059030491885
04-Feb-2008 18:00:00,04-Feb-2008 21:00:00,commodity_1,-0.459959801589476
05-Feb-2008 16:00:00,05-Feb-2008 21:00:00,commodity_1,-0.107245730774644
08-Feb-2008 16:30:00,08-Feb-2008 21:00:00,commodity_1,1.27490055694646
11-Feb-2008 17:00:00,11-Feb-2008 21:00:00,commodity_1,0.154274904696903
14-Feb-2008 16:00:00,14-Feb-2008 21:00:00,commodity_1,-0.0300957648886737
19-Feb-2008 15:00:00,19-Feb-2008 21:00:00,commodity_1,0.90921358162633
21-Feb-2008 18:30:00,21-Feb-2008 21:00:00,commodity_1,-0.512787035594039
28-Feb-2008 17:00:00,28-Feb-2008 21:00:00,commodity_1,0.97131617989979
04-Mar-2008 16:30:00,04-Mar-2008 21:00:00,commodity_1,0.183996385959691
05-Mar-2008 16:00:00,05-Mar-2008 21:00:00,commodity_1,1.60837140762888
10-Mar-2008 16:30:00,10-Mar-2008 21:00:00,commodity_1,0.376559528046752
17-Mar-2008 15:30:00,17-Mar-2008 21:00:00,commodity_1,1.36132239201384
18-Mar-2008 16:30:00,18-Mar-2008 21:00:00,commodity_1,0.704481505939477
19-Mar-2008 15:00:00,19-Mar-2008 21:00:00,commodity_1,2.52008899780981
26-Mar-2008 15:00:00,26-Mar-2008 21:00:00,commodity_1,1.82314368912758
28-Mar-2008 16:00:00,28-Mar-2008 21:00:00,commodity_1,-0.0877264927250179
31-Mar-2008 17:30:00,31-Mar-2008 21:00:00,commodity_1,0.392690054513349
02-Apr-2008 19:00:00,02-Apr-2008 21:00:00,commodity_1,1.03257343237379
07-Apr-2008 15:00:00,07-Apr-2008 21:00:00,commodity_1,0.196686280982828
09-Apr-2008 16:30:00,09-Apr-2008 21:00:00,commodity_1,-0.309939454632626
24-Apr-2008 18:00:00,24-Apr-2008 21:00:00,commodity_1,-0.568219564635396
25-Apr-2008 16:00:00,25-Apr-2008 21:00:00,commodity_1,-0.4582493157286
29-Apr-2008 17:00:00,29-Apr-2008 21:00:00,commodity_1,0.464637056885722
01-May-2008 15:30:00,01-May-2008 21:00:00,commodity_1,-0.453779765789535
02-May-2008 16:30:00,02-May-2008 21:00:00,commodity_1,0.662832427330416
05-May-2008 15:30:00,05-May-2008 21:00:00,commodity_1,0.447407124629526
16-May-2008 15:00:00,16-May-2008 21:00:00,commodity_1,-0.229072253248481
21-May-2008 17:00:00,21-May-2008 21:00:00,commodity_1,1.34121214892292
22-May-2008 19:30:00,22-May-2008 21:00:00,commodity_1,0.0866209066745899
23-May-2008 15:00:00,23-May-2008 21:00:00,commodity_1,-1.20133525574057
27-May-2008 15:00:00,27-May-2008 21:00:00,commodity_1,0.919416295883654
29-May-2008 17:30:00,29-May-2008 21:00:00,commodity_1,0.9460954743811
03-Jun-2008 19:00:00,03-Jun-2008 21:00:00,commodity_1,0.476218357532708
05-Jun-2008 18:30:00,05-Jun-2008 21:00:00,commodity_1,2.2371421806561
06-Jun-2008 15:00:00,06-Jun-2008 21:00:00,commodity_1,7.87050601517154
09-Jun-2008 19:30:00,09-Jun-2008 21:00:00,commodity_1,-0.246731508142554
10-Jun-2008 19:00:00,10-Jun-2008 21:00:00,commodity_1,-0.174921775943375
11-Jun-2008 15:00:00,11-Jun-2008 21:00:00,commodity_1,1.43112420265826
12-Jun-2008 15:00:00,12-Jun-2008 21:00:00,commodity_1,-2.62859011811024
13-Jun-2008 15:00:00,13-Jun-2008 21:00:00,commodity_1,-0.784515752308048
16-Jun-2008 15:00:00,16-Jun-2008 21:00:00,commodity_1,-3.82283484334072
18-Jun-2008 19:30:00,18-Jun-2008 21:00:00,commodity_1,-0.183850959045503
19-Jun-2008 17:30:00,19-Jun-2008 21:00:00,commodity_1,0.467988563848539
20-Jun-2008 15:00:00,20-Jun-2008 21:00:00,commodity_1,-1.32950786991211
23-Jun-2008 17:30:00,23-Jun-2008 21:00:00,commodity_1,-0.907336262198326
25-Jun-2008 16:00:00,25-Jun-2008 21:00:00,commodity_1,-1.4532778680421
26-Jun-2008 15:00:00,26-Jun-2008 21:00:00,commodity_1,1.68774938039091
07-Jul-2008 15:00:00,07-Jul-2008 21:00:00,commodity_1,-0.181577773331493
08-Jul-2008 15:00:00,08-Jul-2008 21:00:00,commodity_1,0.467203104983849
10-Jul-2008 19:30:00,10-Jul-2008 21:00:00,commodity_1,0.113129638436899
11-Jul-2008 15:00:00,11-Jul-2008 21:00:00,commodity_1,-2.14635911061897
15-Jul-2008 16:30:00,15-Jul-2008 21:00:00,commodity_1,-1.78322101271335
16-Jul-2008 16:00:00,16-Jul-2008 21:00:00,commodity_1,-0.606450348256766
17-Jul-2008 18:30:00,17-Jul-2008 21:00:00,commodity_1,1.00271604455196
22-Jul-2008 15:00:00,22-Jul-2008 21:00:00,commodity_1,0.133751068016195
23-Jul-2008 19:30:00,23-Jul-2008 21:00:00,commodity_1,0.170319339549553
29-Jul-2008 15:30:00,29-Jul-2008 21:00:00,commodity_1,-0.244170614959853
30-Jul-2008 18:30:00,30-Jul-2008 21:00:00,commodity_1,1.35025932022769
31-Jul-2008 18:00:00,31-Jul-2008 21:00:00,commodity_1,-0.24410527192965
01-Aug-2008 15:30:00,01-Aug-2008 21:00:00,commodity_1,-2.70692490226944
04-Aug-2008 17:00:00,04-Aug-2008 21:00:00,commodity_1,-0.411222755772219
08-Aug-2008 15:00:00,08-Aug-2008 21:00:00,commodity_1,1.33009098555082
13-Aug-2008 17:30:00,13-Aug-2008 21:00:00,commodity_1,0.096356416996742
14-Aug-2008 18:00:00,14-Aug-2008 21:00:00,commodity_1,-1.41912581549313
15-Aug-2008 15:00:00,15-Aug-2008 21:00:00,commodity_1,-1.27662669658779
19-Aug-2008 17:30:00,19-Aug-2008 21:00:00,commodity_1,-1.08199293116507
21-Aug-2008 15:00:00,21-Aug-2008 21:00:00,commodity_1,2.03401868491313
22-Aug-2008 15:00:00,22-Aug-2008 21:00:00,commodity_1,2.97176734068826
27-Aug-2008 16:00:00,27-Aug-2008 21:00:00,commodity_1,-0.11928748475293
28-Aug-2008 17:00:00,28-Aug-2008 21:00:00,commodity_1,-0.560673412277487
29-Aug-2008 16:00:00,29-Aug-2008 21:00:00,commodity_1,-1.6957678374963
01-Sep-2008 15:00:00,01-Sep-2008 21:00:00,commodity_1,1.89645758837332
02-Sep-2008 15:00:00,02-Sep-2008 21:00:00,commodity_1,-2.64912145185236
03-Sep-2008 16:00:00,03-Sep-2008 21:00:00,commodity_1,-1.21536886193471
09-Sep-2008 16:00:00,09-Sep-2008 21:00:00,commodity_1,0.795795006091907
10-Sep-2008 15:00:00,10-Sep-2008 21:00:00,commodity_1,-0.789015794544415
15-Sep-2008 15:00:00,15-Sep-2008 21:00:00,commodity_1,0.777750787288351
16-Sep-2008 15:00:00,16-Sep-2008 21:00:00,commodity_1,-1.52725474283286
17-Sep-2008 19:00:00,17-Sep-2008 21:00:00,commodity_1,0.718651675319599
18-Sep-2008 15:00:00,18-Sep-2008 21:00:00,commodity_1,-2.07111371302931
19-Sep-2008 15:00:00,19-Sep-2008 21:00:00,commodity_1,0.91378739905121
22-Sep-2008 15:00:00,22-Sep-2008 21:00:00,commodity_1,2.63222534106437
23-Sep-2008 18:00:00,23-Sep-2008 21:00:00,commodity_1,-1.15464973791111
25-Sep-2008 18:00:00,25-Sep-2008 21:00:00,commodity_1,-0.147338164139799
26-Sep-2008 15:00:00,26-Sep-2008 21:00:00,commodity_1,-1.18186335755776
29-Sep-2008 15:00:00,29-Sep-2008 21:00:00,commodity_1,8.21692791758323
30-Sep-2008 15:00:00,30-Sep-2008 21:00:00,commodity_1,3.25694605488107
01-Oct-2008 15:00:00,01-Oct-2008 21:00:00,commodity_1,0.157069707537719
02-Oct-2008 15:00:00,02-Oct-2008 21:00:00,commodity_1,1.79029926858202
06-Oct-2008 15:00:00,06-Oct-2008 21:00:00,commodity_1,1.83748503773429
07-Oct-2008 15:00:00,07-Oct-2008 21:00:00,commodity_1,-0.923961599277569
08-Oct-2008 16:00:00,08-Oct-2008 21:00:00,commodity_1,-1.23878627900325
09-Oct-2008 19:30:00,09-Oct-2008 21:00:00,commodity_1,0.362686222089399
10-Oct-2008 15:00:00,10-Oct-2008 21:00:00,commodity_1,0.214671300401283
14-Oct-2008 19:30:00,14-Oct-2008 21:00:00,commodity_1,-0.69200010974534
15-Oct-2008 15:00:00,15-Oct-2008 21:00:00,commodity_1,2.08008829830533
16-Oct-2008 16:30:00,16-Oct-2008 21:00:00,commodity_1,-4.19079557973032
17-Oct-2008 18:30:00,17-Oct-2008 21:00:00,commodity_1,-1.56318724334353
20-Oct-2008 15:00:00,20-Oct-2008 21:00:00,commodity_1,0.783019239511678
21-Oct-2008 15:00:00,21-Oct-2008 21:00:00,commodity_1,-0.199043482618907
22-Oct-2008 15:00:00,22-Oct-2008 21:00:00,commodity_1,1.50534016317235
23-Oct-2008 16:00:00,23-Oct-2008 21:00:00,commodity_1,-0.104657533616417
24-Oct-2008 15:00:00,24-Oct-2008 21:00:00,commodity_1,-0.918453250980202
27-Oct-2008 15:00:00,27-Oct-2008 21:00:00,commodity_1,0.597481233681392
28-Oct-2008 16:00:00,28-Oct-2008 21:00:00,commodity_1,0.827716576579603
29-Oct-2008 15:00:00,29-Oct-2008 21:00:00,commodity_1,1.06310637822153
30-Oct-2008 15:00:00,30-Oct-2008 21:00:00,commodity_1,0.168734556849837
31-Oct-2008 19:00:00,31-Oct-2008 21:00:00,commodity_1,-0.231381483898349
03-Nov-2008 15:00:00,03-Nov-2008 21:00:00,commodity_1,1.29901477789784
04-Nov-2008 15:00:00,04-Nov-2008 21:00:00,commodity_1,3.71589223451969
05-Nov-2008 16:00:00,05-Nov-2008 21:00:00,commodity_1,2.18527928881526
06-Nov-2008 15:00:00,06-Nov-2008 21:00:00,commodity_1,1.64066271993971
10-Nov-2008 15:00:00,10-Nov-2008 21:00:00,commodity_1,-1.97060843563556
11-Nov-2008 15:00:00,11-Nov-2008 21:00:00,commodity_1,0.630651703937429
12-Nov-2008 16:00:00,12-Nov-2008 21:00:00,commodity_1,1.19635746948405
13-Nov-2008 15:30:00,13-Nov-2008 21:00:00,commodity_1,1.44709451732564
14-Nov-2008 15:00:00,14-Nov-2008 21:00:00,commodity_1,0.880123174069299
17-Nov-2008 15:00:00,17-Nov-2008 21:00:00,commodity_1,-2.36108913460583
20-Nov-2008 15:00:00,20-Nov-2008 21:00:00,commodity_1,1.86175634825106
24-Nov-2008 15:30:00,24-Nov-2008 21:00:00,commodity_1,2.01300981782056
25-Nov-2008 15:00:00,25-Nov-2008 21:00:00,commodity_1,1.17328716317697
26-Nov-2008 15:00:00,26-Nov-2008 21:00:00,commodity_1,1.2950077093888
28-Nov-2008 15:30:00,28-Nov-2008 21:00:00,commodity_1,-1.83520608984414
01-Dec-2008 15:00:00,01-Dec-2008 21:00:00,commodity_1,3.13109062834151
02-Dec-2008 19:30:00,02-Dec-2008 21:00:00,commodity_1,-0.472022438717727
04-Dec-2008 17:30:00,04-Dec-2008 21:00:00,commodity_1,0.917773906759042
05-Dec-2008 15:30:00,05-Dec-2008 21:00:00,commodity_1,0.204312544643451
08-Dec-2008 15:00:00,08-Dec-2008 21:00:00,commodity_1,0.9176048476056
09-Dec-2008 16:30:00,09-Dec-2008 21:00:00,commodity_1,0.332458664142834
10-Dec-2008 15:00:00,10-Dec-2008 21:00:00,commodity_1,-0.361751486155003
11-Dec-2008 15:00:00,11-Dec-2008 21:00:00,commodity_1,1.61711778790212
12-Dec-2008 15:00:00,12-Dec-2008 21:00:00,commodity_1,-4.11208761741363
15-Dec-2008 15:00:00,15-Dec-2008 21:00:00,commodity_1,-5.58184204483337
17-Dec-2008 16:30:00,17-Dec-2008 21:00:00,commodity_1,0.498957408130807
18-Dec-2008 15:00:00,18-Dec-2008 21:00:00,commodity_1,1.08891720131745
22-Dec-2008 16:00:00,22-Dec-2008 21:00:00,commodity_1,1.11387827274105
23-Dec-2008 16:30:00,23-Dec-2008 21:00:00,commodity_1,-0.848506329016778
24-Dec-2008 15:00:00,24-Dec-2008 21:00:00,commodity_1,1.73942611067621
26-Dec-2008 16:30:00,26-Dec-2008 21:00:00,commodity_1,0.743631305470513
29-Dec-2008 15:00:00,29-Dec-2008 21:00:00,commodity_1,0.920618930370249
30-Dec-2008 15:00:00,30-Dec-2008 21:00:00,commodity_1,-0.293043935135041
31-Dec-2008 18:00:00,31-Dec-2008 21:00:00,commodity_1,2.42505738137362
02-Jan-2009 15:00:00,02-Jan-2009 21:00:00,commodity_1,1.91429303884241
05-Jan-2009 19:30:00,05-Jan-2009 21:00:00,commodity_1,0.0334967788087511
06-Jan-2009 15:00:00,06-Jan-2009 21:00:00,commodity_1,-1.03976013893767
07-Jan-2009 15:30:00,07-Jan-2009 21:00:00,commodity_1,3.10549448543471
08-Jan-2009 16:00:00,08-Jan-2009 21:00:00,commodity_1,-1.37647089619455
09-Jan-2009 15:00:00,09-Jan-2009 21:00:00,commodity_1,-1.15690619848409
12-Jan-2009 15:00:00,12-Jan-2009 21:00:00,commodity_1,0.878475218102734
13-Jan-2009 17:00:00,13-Jan-2009 21:00:00,commodity_1,-0.0284026440287985
14-Jan-2009 15:30:00,14-Jan-2009 21:00:00,commodity_1,-0.128864168742912
15-Jan-2009 15:00:00,15-Jan-2009 21:00:00,commodity_1,1.03356767927721
16-Jan-2009 15:00:00,16-Jan-2009 21:00:00,commodity_1,-0.233935953950188
19-Jan-2009 15:00:00,19-Jan-2009 21:00:00,commodity_1,0.0454829248194068
20-Jan-2009 15:30:00,20-Jan-2009 21:00:00,commodity_1,-1.7475368384185
21-Jan-2009 18:30:00,21-Jan-2009 21:00:00,commodity_1,1.08773665268838
22-Jan-2009 15:00:00,22-Jan-2009 21:00:00,commodity_1,-0.863886761979882
23-Jan-2009 18:30:00,23-Jan-2009 21:00:00,commodity_1,-0.772624907749139
26-Jan-2009 15:30:00,26-Jan-2009 21:00:00,commodity_1,-2.5935721319721
27-Jan-2009 15:00:00,27-Jan-2009 21:00:00,commodity_1,1.87070441190638
29-Jan-2009 15:30:00,29-Jan-2009 21:00:00,commodity_1,-0.361883409709612
02-Feb-2009 15:00:00,02-Feb-2009 21:00:00,commodity_1,0.262568407236035
06-Feb-2009 15:00:00,06-Feb-2009 21:00:00,commodity_1,-0.638969910752015
09-Feb-2009 15:00:00,09-Feb-2009 21:00:00,commodity_1,-3.28194344932697
10-Feb-2009 15:00:00,10-Feb-2009 21:00:00,commodity_1,-3.30770403459159
11-Feb-2009 19:00:00,11-Feb-2009 21:00:00,commodity_1,0.199169878739509
12-Feb-2009 15:00:00,12-Feb-2009 21:00:00,commodity_1,-0.0741324477173344
13-Feb-2009 16:00:00,13-Feb-2009 21:00:00,commodity_1,1.71178791016282
16-Feb-2009 16:00:00,16-Feb-2009 21:00:00,commodity_1,-0.022966959271816
17-Feb-2009 15:00:00,17-Feb-2009 21:00:00,commodity_1,0.681109040575318
19-Feb-2009 15:00:00,19-Feb-2009 21:00:00,commodity_1,1.25592546991097
20-Feb-2009 15:00:00,20-Feb-2009 21:00:00,commodity_1,-1.1919881339312
23-Feb-2009 18:30:00,23-Feb-2009 21:00:00,commodity_1,0.224785702444639
24-Feb-2009 19:30:00,24-Feb-2009 21:00:00,commodity_1,0.0522071454073914
25-Feb-2009 17:00:00,25-Feb-2009 21:00:00,commodity_1,0.620151632516651
26-Feb-2009 15:00:00,26-Feb-2009 21:00:00,commodity_1,0.665786099043965
27-Feb-2009 15:00:00,27-Feb-2009 21:00:00,commodity_1,-0.922170098800705
02-Mar-2009 15:00:00,02-Mar-2009 21:00:00,commodity_1,1.75419264483067
03-Mar-2009 19:30:00,03-Mar-2009 21:00:00,commodity_1,-0.015802866131204
04-Mar-2009 15:00:00,04-Mar-2009 21:00:00,commodity_1,1.6547763324953
05-Mar-2009 19:30:00,05-Mar-2009 21:00:00,commodity_1,0.138316260038193
06-Mar-2009 15:00:00,06-Mar-2009 21:00:00,commodity_1,0.353165859607059
09-Mar-2009 15:00:00,09-Mar-2009 21:00:00,commodity_1,-0.17343749434265
10-Mar-2009 18:30:00,10-Mar-2009 21:00:00,commodity_1,0.0428480324436534
11-Mar-2009 17:00:00,11-Mar-2009 21:00:00,commodity_1,0.656997406692827
12-Mar-2009 17:00:00,12-Mar-2009 21:00:00,commodity_1,1.8070232651077
16-Mar-2009 17:00:00,16-Mar-2009 21:00:00,commodity_1,-0.5015814103113
17-Mar-2009 15:00:00,17-Mar-2009 21:00:00,commodity_1,0.278493201312125
18-Mar-2009 15:30:00,18-Mar-2009 21:00:00,commodity_1,-1.68072788184587
19-Mar-2009 15:00:00,19-Mar-2009 21:00:00,commodity_1,-0.514317201254967
23-Mar-2009 16:00:00,23-Mar-2009 21:00:00,commodity_1,0.0592825186319968
27-Mar-2009 15:00:00,27-Mar-2009 21:00:00,commodity_1,-0.0084701979350065
30-Mar-2009 15:00:00,30-Mar-2009 21:00:00,commodity_1,1.72037793801291
01-Apr-2009 16:30:00,01-Apr-2009 21:00:00,commodity_1,-0.687543993281462
02-Apr-2009 15:00:00,02-Apr-2009 21:00:00,commodity_1,1.22267517477087
06-Apr-2009 15:00:00,06-Apr-2009 21:00:00,commodity_1,-0.0559465303175527
07-Apr-2009 15:00:00,07-Apr-2009 21:00:00,commodity_1,0.452729416782945
08-Apr-2009 17:00:00,08-Apr-2009 21:00:00,commodity_1,-0.706647915892347
09-Apr-2009 15:00:00,09-Apr-2009 21:00:00,commodity_1,0.283862633437904
13-Apr-2009 15:00:00,13-Apr-2009 21:00:00,commodity_1,-1.21048984989879
20-Apr-2009 15:00:00,20-Apr-2009 21:00:00,commodity_1,1.35661403041477
24-Apr-2009 15:00:00,24-Apr-2009 21:00:00,commodity_1,0.343417999617469
27-Apr-2009 15:00:00,27-Apr-2009 21:00:00,commodity_1,-1.58053241891537
01-May-2009 16:30:00,01-May-2009 21:00:00,commodity_1,-0.0850622576380845
04-May-2009 19:30:00,04-May-2009 21:00:00,commodity_1,0.00758164877490085
06-May-2009 16:00:00,06-May-2009 21:00:00,commodity_1,0.273065304475983
07-May-2009 15:00:00,07-May-2009 21:00:00,commodity_1,-1.24870108386606
08-May-2009 18:30:00,08-May-2009 21:00:00,commodity_1,0.368848889235083
15-May-2009 18:00:00,15-May-2009 21:00:00,commodity_1,0.0354723157495147
18-May-2009 16:00:00,18-May-2009 21:00:00,commodity_1,0.596233716542167
20-May-2009 19:00:00,20-May-2009 21:00:00,commodity_1,-0.0515269368659554
28-May-2009 18:30:00,28-May-2009 21:00:00,commodity_1,-0.176214089015212
03-Jun-2009 17:00:00,03-Jun-2009 21:00:00,commodity_1,0.274096862278916
04-Jun-2009 16:30:00,04-Jun-2009 21:00:00,commodity_1,0.0940643277334014
15-Jun-2009 16:30:00,15-Jun-2009 21:00:00,commodity_1,-0.399272695594465
22-Jun-2009 15:00:00,22-Jun-2009 21:00:00,commodity_1,0.332137309488877
23-Jun-2009 19:30:00,23-Jun-2009 21:00:00,commodity_1,-0.0579657881114855
25-Jun-2009 19:00:00,25-Jun-2009 21:00:00,commodity_1,-0.345011695529383
29-Jun-2009 18:30:00,29-Jun-2009 21:00:00,commodity_1,-0.10138469576693
30-Jun-2009 18:30:00,30-Jun-2009 21:00:00,commodity_1,-0.704087381261971
02-Jul-2009 15:00:00,02-Jul-2009 21:00:00,commodity_1,0.221475476539088
08-Jul-2009 17:30:00,08-Jul-2009 21:00:00,commodity_1,0.101660890875514
15-Jul-2009 17:00:00,15-Jul-2009 21:00:00,commodity_1,0.302157529662302
29-Jul-2009 15:00:00,29-Jul-2009 21:00:00,commodity_1,1.69176318303342
30-Jul-2009 15:00:00,30-Jul-2009 21:00:00,commodity_1,1.15010739452288
31-Jul-2009 19:30:00,31-Jul-2009 21:00:00,commodity_1,-0.582314485227448
03-Aug-2009 15:30:00,03-Aug-2009 21:00:00,commodity_1,-0.376355375592052
14-Aug-2009 16:00:00,14-Aug-2009 21:00:00,commodity_1,0.933646414727109
18-Aug-2009 19:00:00,18-Aug-2009 21:00:00,commodity_1,0.0491172249778839
19-Aug-2009 17:30:00,19-Aug-2009 21:00:00,commodity_1,0.340295738405209
25-Aug-2009 19:00:00,25-Aug-2009 21:00:00,commodity_1,-0.387299879664871
31-Aug-2009 15:00:00,31-Aug-2009 21:00:00,commodity_1,0.570764888708503
08-Sep-2009 15:00:00,08-Sep-2009 21:00:00,commodity_1,0.900716474300203
11-Sep-2009 18:00:00,11-Sep-2009 21:00:00,commodity_1,0.22593427836195
15-Sep-2009 19:00:00,15-Sep-2009 21:00:00,commodity_1,-0.198263919514066
21-Sep-2009 15:00:00,21-Sep-2009 21:00:00,commodity_1,0.0742023129855569
23-Sep-2009 16:00:00,23-Sep-2009 21:00:00,commodity_1,0.0785080930292229
24-Sep-2009 16:00:00,24-Sep-2009 21:00:00,commodity_1,0.251374270440895
30-Sep-2009 17:00:00,30-Sep-2009 21:00:00,commodity_1,1.00530952252885
08-Oct-2009 18:00:00,08-Oct-2009 21:00:00,commodity_1,-0.677470287406223
15-Oct-2009 19:30:00,15-Oct-2009 21:00:00,commodity_1,0.0312462625384453
21-Oct-2009 18:30:00,21-Oct-2009 21:00:00,commodity_1,-0.238111049492575
29-Oct-2009 15:30:00,29-Oct-2009 21:00:00,commodity_1,0.39484718648729
30-Oct-2009 17:00:00,30-Oct-2009 21:00:00,commodity_1,0.268791518997076
06-Nov-2009 16:30:00,06-Nov-2009 21:00:00,commodity_1,-0.280650052636814
09-Nov-2009 18:00:00,09-Nov-2009 21:00:00,commodity_1,-0.539593405362913
16-Nov-2009 16:30:00,16-Nov-2009 21:00:00,commodity_1,0.056031552750132
09-Dec-2009 19:00:00,09-Dec-2009 21:00:00,commodity_1,-0.330475414363538
23-Dec-2009 16:30:00,23-Dec-2009 21:00:00,commodity_1,0.163044391794611
02-Feb-2010 19:00:00,02-Feb-2010 21:00:00,commodity_1,-0.022294970980907
04-Feb-2010 16:30:00,04-Feb-2010 21:00:00,commodity_1,0.747997270035217
05-Feb-2010 17:00:00,05-Feb-2010 21:00:00,commodity_1,-1.20887850138595
09-Feb-2010 18:00:00,09-Feb-2010 21:00:00,commodity_1,-0.0922225193276403
16-Feb-2010 15:00:00,16-Feb-2010 21:00:00,commodity_1,0.53872017520779
25-Feb-2010 16:30:00,25-Feb-2010 21:00:00,commodity_1,-0.872438842889634
29-Mar-2010 16:30:00,29-Mar-2010 21:00:00,commodity_1,-0.0864849426822777
16-Apr-2010 16:30:00,16-Apr-2010 21:00:00,commodity_1,0.0998692564448824
04-May-2010 16:00:00,04-May-2010 21:00:00,commodity_1,0.411204623945508
05-May-2010 15:00:00,05-May-2010 21:00:00,commodity_1,0.221753123308334
06-May-2010 19:00:00,06-May-2010 21:00:00,commodity_1,0.322580759197203
14-May-2010 17:00:00,14-May-2010 21:00:00,commodity_1,-0.228946032692175
17-May-2010 16:30:00,17-May-2010 21:00:00,commodity_1,-0.267549802266594
20-May-2010 15:00:00,20-May-2010 21:00:00,commodity_1,-0.0254606647644324
25-May-2010 15:00:00,25-May-2010 21:00:00,commodity_1,-1.07172500204062
26-May-2010 16:00:00,26-May-2010 21:00:00,commodity_1,0.112661105300692
27-May-2010 15:00:00,27-May-2010 21:00:00,commodity_1,1.16046804230881
04-Jun-2010 16:30:00,04-Jun-2010 21:00:00,commodity_1,0.677978868002676
09-Jun-2010 15:30:00,09-Jun-2010 21:00:00,commodity_1,-0.130728411641174
10-Jun-2010 15:30:00,10-Jun-2010 21:00:00,commodity_1,-0.106019763329392
11-Jun-2010 17:30:00,11-Jun-2010 21:00:00,commodity_1,-0.592678270032193
25-Jun-2010 17:30:00,25-Jun-2010 21:00:00,commodity_1,0.151713042931331
29-Jun-2010 15:00:00,29-Jun-2010 21:00:00,commodity_1,-0.11592403981417
01-Jul-2010 16:00:00,01-Jul-2010 21:00:00,commodity_1,-0.0188282766299711
06-Jul-2010 16:00:00,06-Jul-2010 21:00:00,commodity_1,-1.30489650846144
13-Jul-2010 16:30:00,13-Jul-2010 21:00:00,commodity_1,0.20603371806681
22-Jul-2010 16:00:00,22-Jul-2010 21:00:00,commodity_1,0.398489032552653
02-Aug-2010 15:30:00,02-Aug-2010 21:00:00,commodity_1,0.0799485197909831
11-Aug-2010 19:30:00,11-Aug-2010 21:00:00,commodity_1,0.104771076035096
31-Aug-2010 19:30:00,31-Aug-2010 21:00:00,commodity_1,0.143560997458663
01-Sep-2010 16:00:00,01-Sep-2010 21:00:00,commodity_1,-0.221611558831675
10-Sep-2010 16:00:00,10-Sep-2010 21:00:00,commodity_1,-0.00857349583237817
30-Sep-2010 19:30:00,30-Sep-2010 21:00:00,commodity_1,-0.0875968821485411
19-Oct-2010 15:00:00,19-Oct-2010 21:00:00,commodity_1,0.985384283764709
20-Oct-2010 18:30:00,20-Oct-2010 21:00:00,commodity_1,0.087663909888278
12-Nov-2010 16:00:00,12-Nov-2010 21:00:00,commodity_1,0.324024047693305
16-Nov-2010 18:00:00,16-Nov-2010 21:00:00,commodity_1,0.140559956329147
24-Nov-2010 17:30:00,24-Nov-2010 21:00:00,commodity_1,0.229768880486381
01-Dec-2010 17:00:00,01-Dec-2010 21:00:00,commodity_1,0.358226498654871
31-Dec-2010 19:00:00,31-Dec-2010 21:00:00,commodity_1,-0.246231084705224
04-Jan-2011 16:00:00,04-Jan-2011 21:00:00,commodity_1,-0.127181377121305
20-Jan-2011 15:00:00,20-Jan-2011 21:00:00,commodity_1,-0.143678375847815
28-Jan-2011 16:30:00,28-Jan-2011 21:00:00,commodity_1,1.14491824424057
31-Jan-2011 18:30:00,31-Jan-2011 21:00:00,commodity_1,0.308843385397523
21-Feb-2011 15:00:00,21-Feb-2011 21:00:00,commodity_1,2.37860122696997
23-Feb-2011 16:00:00,23-Feb-2011 21:00:00,commodity_1,0.275042177540202
01-Mar-2011 19:30:00,01-Mar-2011 21:00:00,commodity_1,0.0693677367650251
04-Mar-2011 19:30:00,04-Mar-2011 21:00:00,commodity_1,0.0357338876670963
10-Mar-2011 15:30:00,10-Mar-2011 21:00:00,commodity_1,-1.03599634359595
15-Mar-2011 15:00:00,15-Mar-2011 21:00:00,commodity_1,0.835625392908347
17-Mar-2011 16:00:00,17-Mar-2011 21:00:00,commodity_1,0.517697407142491
11-Apr-2011 18:30:00,11-Apr-2011 21:00:00,commodity_1,0.739683159455325
12-Apr-2011 16:00:00,12-Apr-2011 21:00:00,commodity_1,0.0169539658410228
20-Apr-2011 17:00:00,20-Apr-2011 21:00:00,commodity_1,0.211436787282653
05-May-2011 15:00:00,05-May-2011 21:00:00,commodity_1,6.42895561982135
06-May-2011 16:00:00,06-May-2011 21:00:00,commodity_1,-2.67697613873429
09-May-2011 16:00:00,09-May-2011 21:00:00,commodity_1,1.00054047355649
11-May-2011 16:00:00,11-May-2011 21:00:00,commodity_1,1.31181963149379
12-May-2011 15:00:00,12-May-2011 21:00:00,commodity_1,-1.67905151639052
18-May-2011 17:00:00,18-May-2011 21:00:00,commodity_1,-0.697836834020152
23-May-2011 15:00:00,23-May-2011 21:00:00,commodity_1,-0.0454334196208398
31-May-2011 15:00:00,31-May-2011 21:00:00,commodity_1,-0.0947210080422573
01-Jun-2011 18:30:00,01-Jun-2011 21:00:00,commodity_1,-0.0564856972887946
08-Jun-2011 17:30:00,08-Jun-2011 21:00:00,commodity_1,-0.352796501964425
10-Jun-2011 15:30:00,10-Jun-2011 21:00:00,commodity_1,-0.0737923892262533
15-Jun-2011 18:30:00,15-Jun-2011 21:00:00,commodity_1,0.517968591313133
17-Jun-2011 18:00:00,17-Jun-2011 21:00:00,commodity_1,-0.423015902502403
23-Jun-2011 15:00:00,23-Jun-2011 21:00:00,commodity_1,-1.78805220363284
29-Jun-2011 16:30:00,29-Jun-2011 21:00:00,commodity_1,-0.570340005952189
05-Jul-2011 18:30:00,05-Jul-2011 21:00:00,commodity_1,-0.340101309897708
07-Jul-2011 16:00:00,07-Jul-2011 21:00:00,commodity_1,-0.57041262117238
08-Jul-2011 15:30:00,08-Jul-2011 21:00:00,commodity_1,-0.2100926060051
12-Jul-2011 19:30:00,12-Jul-2011 21:00:00,commodity_1,-0.119334816456866
14-Jul-2011 18:30:00,14-Jul-2011 21:00:00,commodity_1,-0.576945184590763
18-Jul-2011 16:00:00,18-Jul-2011 21:00:00,commodity_1,-0.624475663226058
19-Jul-2011 15:30:00,19-Jul-2011 21:00:00,commodity_1,-0.366582384273557
04-Aug-2011 17:00:00,04-Aug-2011 21:00:00,commodity_1,2.25433429649657
08-Aug-2011 15:00:00,08-Aug-2011 21:00:00,commodity_1,4.12460508738247
09-Aug-2011 15:30:00,09-Aug-2011 21:00:00,commodity_1,-1.18486912300572
10-Aug-2011 19:30:00,10-Aug-2011 21:00:00,commodity_1,-0.544668661208136
11-Aug-2011 18:00:00,11-Aug-2011 21:00:00,commodity_1,1.13754836472754
15-Aug-2011 19:30:00,15-Aug-2011 21:00:00,commodity_1,-0.145673700647733
18-Aug-2011 15:00:00,18-Aug-2011 21:00:00,commodity_1,2.78064506331864
02-Sep-2011 15:00:00,02-Sep-2011 21:00:00,commodity_1,-0.866475134742151
05-Sep-2011 15:00:00,05-Sep-2011 21:00:00,commodity_1,0.523252891163793
06-Sep-2011 19:30:00,06-Sep-2011 21:00:00,commodity_1,0.417837046387547
07-Sep-2011 16:00:00,07-Sep-2011 21:00:00,commodity_1,0.223037733357969
09-Sep-2011 15:00:00,09-Sep-2011 21:00:00,commodity_1,-0.35851632111082
19-Sep-2011 15:00:00,19-Sep-2011 21:00:00,commodity_1,-0.405487020845859
22-Sep-2011 15:00:00,22-Sep-2011 21:00:00,commodity_1,1.20894497691455
27-Sep-2011 15:00:00,27-Sep-2011 21:00:00,commodity_1,0.900940449206508
28-Sep-2011 19:30:00,28-Sep-2011 21:00:00,commodity_1,-0.169095674175427
29-Sep-2011 15:00:00,29-Sep-2011 21:00:00,commodity_1,-1.76967296738637
30-Sep-2011 15:00:00,30-Sep-2011 21:00:00,commodity_1,1.07057356793874
05-Oct-2011 18:30:00,05-Oct-2011 21:00:00,commodity_1,0.250518071582007
06-Oct-2011 18:30:00,06-Oct-2011 21:00:00,commodity_1,0.586640466196662
10-Oct-2011 15:00:00,10-Oct-2011 21:00:00,commodity_1,0.39502534136946
14-Oct-2011 15:00:00,14-Oct-2011 21:00:00,commodity_1,0.442517504518059
21-Oct-2011 15:00:00,21-Oct-2011 21:00:00,commodity_1,-0.863513258404552
24-Oct-2011 16:30:00,24-Oct-2011 21:00:00,commodity_1,1.226937180481
25-Oct-2011 16:30:00,25-Oct-2011 21:00:00,commodity_1,-0.752090385268839
26-Oct-2011 19:30:00,26-Oct-2011 21:00:00,commodity_1,-0.11449869637058
27-Oct-2011 15:00:00,27-Oct-2011 21:00:00,commodity_1,0.665142505045837
01-Nov-2011 16:00:00,01-Nov-2011 21:00:00,commodity_1,-0.878400823475007
16-Nov-2011 16:30:00,16-Nov-2011 21:00:00,commodity_1,0.295259158161206
17-Nov-2011 18:30:00,17-Nov-2011 21:00:00,commodity_1,0.0150262448335274
23-Nov-2011 15:30:00,23-Nov-2011 21:00:00,commodity_1,-0.46405885710347
14-Dec-2011 15:00:00,14-Dec-2011 21:00:00,commodity_1,1.74622598641921
20-Dec-2011 15:00:00,20-Dec-2011 21:00:00,commodity_1,0.523207620131615
03-Jan-2012 15:00:00,03-Jan-2012 21:00:00,commodity_1,0.593730018998605
20-Jan-2012 16:30:00,20-Jan-2012 21:00:00,commodity_1,-0.042480864052002
02-Mar-2012 17:30:00,02-Mar-2012 21:00:00,commodity_1,-0.227999676341375
29-Mar-2012 18:30:00,29-Mar-2012 21:00:00,commodity_1,0.0655488867465842
04-Apr-2012 16:30:00,04-Apr-2012 21:00:00,commodity_1,-0.332042009281682
03-May-2012 17:30:00,03-May-2012 21:00:00,commodity_1,0.214161262284516
04-May-2012 15:00:00,04-May-2012 21:00:00,commodity_1,1.08333784090983
30-May-2012 15:00:00,30-May-2012 21:00:00,commodity_1,0.67343403037975
01-Jun-2012 15:00:00,01-Jun-2012 21:00:00,commodity_1,0.292772023320047
12-Jun-2012 16:30:00,12-Jun-2012 21:00:00,commodity_1,0.0496981618677206
20-Jun-2012 17:00:00,20-Jun-2012 21:00:00,commodity_1,0.653252131941886
21-Jun-2012 18:30:00,21-Jun-2012 21:00:00,commodity_1,0.553734542811339
22-Jun-2012 19:00:00,22-Jun-2012 21:00:00,commodity_1,-0.116269705896914
25-Jun-2012 17:00:00,25-Jun-2012 21:00:00,commodity_1,-0.591889275117534
28-Jun-2012 16:00:00,28-Jun-2012 21:00:00,commodity_1,0.400926275378609
29-Jun-2012 15:00:00,29-Jun-2012 21:00:00,commodity_1,4.03782158340703
02-Jul-2012 16:30:00,02-Jul-2012 21:00:00,commodity_1,-0.658934200132251
03-Jul-2012 15:00:00,03-Jul-2012 21:00:00,commodity_1,-0.494587936985304
06-Jul-2012 15:00:00,06-Jul-2012 21:00:00,commodity_1,0.367020384533539
09-Jul-2012 19:00:00,09-Jul-2012 21:00:00,commodity_1,-0.260557544935115
11-Jul-2012 17:30:00,11-Jul-2012 21:00:00,commodity_1,-0.116552654650182
19-Jul-2012 17:00:00,19-Jul-2012 21:00:00,commodity_1,0.15037003099469
23-Jul-2012 15:00:00,23-Jul-2012 21:00:00,commodity_1,0.287704661816912
03-Aug-2012 15:00:00,03-Aug-2012 21:00:00,commodity_1,1.19287307330288
07-Aug-2012 19:00:00,07-Aug-2012 21:00:00,commodity_1,-0.576572897091165
17-Sep-2012 19:30:00,17-Sep-2012 21:00:00,commodity_1,0.402105457498447
19-Sep-2012 15:00:00,19-Sep-2012 21:00:00,commodity_1,0.815400663762972
03-Oct-2012 15:30:00,03-Oct-2012 21:00:00,commodity_1,1.26879917787117
04-Oct-2012 17:30:00,04-Oct-2012 21:00:00,commodity_1,1.01985297154826
05-Oct-2012 17:00:00,05-Oct-2012 21:00:00,commodity_1,-0.537856364559759
09-Oct-2012 17:30:00,09-Oct-2012 21:00:00,commodity_1,0.0351164069588015
23-Oct-2012 15:00:00,23-Oct-2012 21:00:00,commodity_1,0.155491744910458
02-Nov-2012 18:30:00,02-Nov-2012 21:00:00,commodity_1,-0.0489271945147422
06-Nov-2012 18:00:00,06-Nov-2012 21:00:00,commodity_1,0.235645759213267
07-Nov-2012 15:00:00,07-Nov-2012 21:00:00,commodity_1,1.1921477323358
19-Nov-2012 16:00:00,19-Nov-2012 21:00:00,commodity_1,0.240099259528445
20-Nov-2012 17:30:00,20-Nov-2012 21:00:00,commodity_1,-0.685890613581913
29-Nov-2012 15:00:00,29-Nov-2012 21:00:00,commodity_1,-0.515828921318714
06-Dec-2012 17:30:00,06-Dec-2012 21:00:00,commodity_1,-0.181138317451978
26-Dec-2012 15:00:00,26-Dec-2012 21:00:00,commodity_1,0.0748269533108663
20-Feb-2013 16:30:00,20-Feb-2013 21:00:00,commodity_1,0.0569831461458852
21-Feb-2013 15:00:00,21-Feb-2013 21:00:00,commodity_1,-0.0765797410368116
03-Apr-2013 19:30:00,03-Apr-2013 21:00:00,commodity_1,0.108051562377102
04-Apr-2013 18:00:00,04-Apr-2013 21:00:00,commodity_1,-0.474304703773767
12-Apr-2013 15:00:00,12-Apr-2013 21:00:00,commodity_1,0.130474609301589
15-Apr-2013 15:30:00,15-Apr-2013 21:00:00,commodity_1,0.564393781369004
17-Apr-2013 17:00:00,17-Apr-2013 21:00:00,commodity_1,0.12117780586802
24-Apr-2013 18:30:00,24-Apr-2013 21:00:00,commodity_1,0.187446509420131
25-Apr-2013 19:30:00,25-Apr-2013 21:00:00,commodity_1,-0.307377388686057
01-May-2013 15:00:00,01-May-2013 21:00:00,commodity_1,-0.118823530671155
02-May-2013 17:30:00,02-May-2013 21:00:00,commodity_1,0.697117012854515
03-May-2013 16:00:00,03-May-2013 21:00:00,commodity_1,-0.327319572797404
10-May-2013 15:30:00,10-May-2013 21:00:00,commodity_1,-1.46111078013958
28-May-2013 15:00:00,28-May-2013 21:00:00,commodity_1,-0.30862383094853
29-May-2013 19:30:00,29-May-2013 21:00:00,commodity_1,0.101497258258324
03-Jun-2013 17:00:00,03-Jun-2013 21:00:00,commodity_1,-0.0955366665821169
20-Jun-2013 15:00:00,20-Jun-2013 21:00:00,commodity_1,0.92372512148763
03-Jul-2013 15:00:00,03-Jul-2013 21:00:00,commodity_1,-0.308808408270619
05-Jul-2013 19:00:00,05-Jul-2013 21:00:00,commodity_1,-0.0797969779931729
10-Jul-2013 18:30:00,10-Jul-2013 21:00:00,commodity_1,-0.0420067052792625
24-Jul-2013 18:30:00,24-Jul-2013 21:00:00,commodity_1,-0.0997114160274668
01-Aug-2013 15:00:00,01-Aug-2013 21:00:00,commodity_1,0.300130981246165
09-Aug-2013 19:00:00,09-Aug-2013 21:00:00,commodity_1,0.222224353280944
27-Aug-2013 15:00:00,27-Aug-2013 21:00:00,commodity_1,0.14206348954282
06-Sep-2013 18:30:00,06-Sep-2013 21:00:00,commodity_1,-0.12658414952004
10-Sep-2013 15:00:00,10-Sep-2013 21:00:00,commodity_1,-0.259989449302841
18-Sep-2013 19:30:00,18-Sep-2013 21:00:00,commodity_1,0.208171753133647
02-Oct-2013 17:00:00,02-Oct-2013 21:00:00,commodity_1,0.132538241110705
09-Oct-2013 16:30:00,09-Oct-2013 21:00:00,commodity_1,0.0941152215212216
10-Oct-2013 18:00:00,10-Oct-2013 21:00:00,commodity_1,-0.435605325169042
17-Oct-2013 17:30:00,17-Oct-2013 21:00:00,commodity_1,-0.250191328369879
23-Oct-2013 15:00:00,23-Oct-2013 21:00:00,commodity_1,-0.252024121704538
01-Nov-2013 19:00:00,01-Nov-2013 21:00:00,commodity_1,-0.165609487510598
06-Nov-2013 17:30:00,06-Nov-2013 21:00:00,commodity_1,-0.211444420061746
12-Nov-2013 19:30:00,12-Nov-2013 21:00:00,commodity_1,-0.0737713926317398
21-Nov-2013 17:30:00,21-Nov-2013 21:00:00,commodity_1,-0.118358302379513
27-Nov-2013 17:00:00,27-Nov-2013 21:00:00,commodity_1,-0.0788647714088188
03-Dec-2013 16:00:00,03-Dec-2013 21:00:00,commodity_1,0.276787199446139
02-Jan-2014 15:00:00,02-Jan-2014 21:00:00,commodity_1,1.006472062467
15-Jan-2014 16:30:00,15-Jan-2014 21:00:00,commodity_1,0.0722735011414685
28-Jan-2014 15:30:00,28-Jan-2014 21:00:00,commodity_1,-0.154536146389568
07-Feb-2014 19:30:00,07-Feb-2014 21:00:00,commodity_1,0.00780447108658617
03-Mar-2014 15:00:00,03-Mar-2014 21:00:00,commodity_1,0.108862381988004
05-Mar-2014 19:30:00,05-Mar-2014 21:00:00,commodity_1,0.367167911779398
12-Mar-2014 16:00:00,12-Mar-2014 21:00:00,commodity_1,-0.33919917684739
01-Apr-2014 19:00:00,01-Apr-2014 21:00:00,commodity_1,0.0463287655500494
08-Apr-2014 19:00:00,08-Apr-2014 21:00:00,commodity_1,0.123709592172189
22-Apr-2014 16:30:00,22-Apr-2014 21:00:00,commodity_1,0.0875150222279715
21-May-2014 17:30:00,21-May-2014 21:00:00,commodity_1,-0.148441471392573
09-Jun-2014 19:30:00,09-Jun-2014 21:00:00,commodity_1,-0.042267647199147
12-Jun-2014 19:30:00,12-Jun-2014 21:00:00,commodity_1,-0.178338114571232
11-Jul-2014 18:30:00,11-Jul-2014 21:00:00,commodity_1,-0.0365253663684159
15-Jul-2014 15:30:00,15-Jul-2014 21:00:00,commodity_1,-0.155165281871626
17-Jul-2014 19:00:00,17-Jul-2014 21:00:00,commodity_1,-0.0233408026177226
14-Aug-2014 18:30:00,14-Aug-2014 21:00:00,commodity_1,0.2222667385537
15-Aug-2014 18:00:00,15-Aug-2014 21:00:00,commodity_1,0.121108765994854
18-Aug-2014 16:00:00,18-Aug-2014 21:00:00,commodity_1,-0.196981516013738
02-Sep-2014 16:00:00,02-Sep-2014 21:00:00,commodity_1,0.92441708557698
03-Sep-2014 18:00:00,03-Sep-2014 21:00:00,commodity_1,0.430468842026116
05-Sep-2014 17:30:00,05-Sep-2014 21:00:00,commodity_1,-0.167207700469059
08-Sep-2014 15:00:00,08-Sep-2014 21:00:00,commodity_1,-0.873917579001687
16-Sep-2014 17:00:00,16-Sep-2014 21:00:00,commodity_1,0.074069736720844
30-Sep-2014 16:30:00,30-Sep-2014 21:00:00,commodity_1,1.04134076179212
03-Oct-2014 16:00:00,03-Oct-2014 21:00:00,commodity_1,-0.077749092759805
07-Oct-2014 19:00:00,07-Oct-2014 21:00:00,commodity_1,0.222216892164747
08-Oct-2014 15:00:00,08-Oct-2014 21:00:00,commodity_1,-0.198658682433521
09-Oct-2014 17:00:00,09-Oct-2014 21:00:00,commodity_1,0.754760458146471
14-Oct-2014 18:00:00,14-Oct-2014 21:00:00,commodity_1,1.37223015155448
16-Oct-2014 18:30:00,16-Oct-2014 21:00:00,commodity_1,-0.307689140637594
20-Oct-2014 16:00:00,20-Oct-2014 21:00:00,commodity_1,-0.81490483021379
22-Oct-2014 19:00:00,22-Oct-2014 21:00:00,commodity_1,0.574652641201361
23-Oct-2014 16:00:00,23-Oct-2014 21:00:00,commodity_1,0.396251989969062
24-Oct-2014 15:30:00,24-Oct-2014 21:00:00,commodity_1,-0.446395679897807
27-Oct-2014 15:00:00,27-Oct-2014 21:00:00,commodity_1,-0.541292775211208
03-Nov-2014 19:30:00,03-Nov-2014 21:00:00,commodity_1,0.417783727638477
04-Nov-2014 15:00:00,04-Nov-2014 21:00:00,commodity_1,-0.396548207206802
05-Nov-2014 16:00:00,05-Nov-2014 21:00:00,commodity_1,-0.252464485028177
06-Nov-2014 15:00:00,06-Nov-2014 21:00:00,commodity_1,-0.429873545856536
13-Nov-2014 16:30:00,13-Nov-2014 21:00:00,commodity_1,0.570565608455927
14-Nov-2014 19:30:00,14-Nov-2014 21:00:00,commodity_1,-0.00814150412601727
20-Nov-2014 19:30:00,20-Nov-2014 21:00:00,commodity_1,-0.209271782843225
25-Nov-2014 17:00:00,25-Nov-2014 21:00:00,commodity_1,0.334347873153113
27-Nov-2014 15:00:00,27-Nov-2014 21:00:00,commodity_1,2.82568398611161
28-Nov-2014 18:00:00,28-Nov-2014 21:00:00,commodity_1,1.44064561396112
01-Dec-2014 15:00:00,01-Dec-2014 21:00:00,commodity_1,1.67991673719943
02-Dec-2014 15:00:00,02-Dec-2014 21:00:00,commodity_1,-0.399200613067559
04-Dec-2014 16:30:00,04-Dec-2014 21:00:00,commodity_1,-0.277962398131957
05-Dec-2014 15:30:00,05-Dec-2014 21:00:00,commodity_1,-0.345529724316114
08-Dec-2014 15:00:00,08-Dec-2014 21:00:00,commodity_1,1.19077573322761
10-Dec-2014 15:00:00,10-Dec-2014 21:00:00,commodity_1,1.44920126091778
11-Dec-2014 19:00:00,11-Dec-2014 21:00:00,commodity_1,0.400460699725877
12-Dec-2014 15:00:00,12-Dec-2014 21:00:00,commodity_1,0.61804289310822
15-Dec-2014 16:30:00,15-Dec-2014 21:00:00,commodity_1,0.977062018600622
16-Dec-2014 16:30:00,16-Dec-2014 21:00:00,commodity_1,-0.73950727593259
17-Dec-2014 17:00:00,17-Dec-2014 21:00:00,commodity_1,-3.39875568290913
18-Dec-2014 19:30:00,18-Dec-2014 21:00:00,commodity_1,-1.07616267046002
19-Dec-2014 15:00:00,19-Dec-2014 21:00:00,commodity_1,1.55723682601278
22-Dec-2014 15:00:00,22-Dec-2014 21:00:00,commodity_1,1.05190310646268
23-Dec-2014 16:00:00,23-Dec-2014 21:00:00,commodity_1,0.764792355089459
24-Dec-2014 15:00:00,24-Dec-2014 21:00:00,commodity_1,-0.442265118759546
26-Dec-2014 19:00:00,26-Dec-2014 21:00:00,commodity_1,0.0375084031436123
29-Dec-2014 17:30:00,29-Dec-2014 21:00:00,commodity_1,0.0423220755023679
31-Dec-2014 15:00:00,31-Dec-2014 21:00:00,commodity_1,-0.754223260789731
02-Jan-2015 15:00:00,02-Jan-2015 21:00:00,commodity_1,0.146103479801691
05-Jan-2015 15:00:00,05-Jan-2015 21:00:00,commodity_1,1.53499406588564
06-Jan-2015 15:00:00,06-Jan-2015 21:00:00,commodity_1,0.932543912336726
07-Jan-2015 15:00:00,07-Jan-2015 21:00:00,commodity_1,-0.554676358537104
09-Jan-2015 16:00:00,09-Jan-2015 21:00:00,commodity_1,-0.269589479880669
12-Jan-2015 15:00:00,12-Jan-2015 21:00:00,commodity_1,0.571055563128142
14-Jan-2015 19:30:00,14-Jan-2015 21:00:00,commodity_1,-0.325342763284524
15-Jan-2015 16:00:00,15-Jan-2015 21:00:00,commodity_1,0.710063093818325
16-Jan-2015 15:00:00,16-Jan-2015 21:00:00,commodity_1,1.12294503729378
19-Jan-2015 16:30:00,19-Jan-2015 21:00:00,commodity_1,0.0476448459329071
20-Jan-2015 15:00:00,20-Jan-2015 21:00:00,commodity_1,0.144996071152399
21-Jan-2015 15:00:00,21-Jan-2015 21:00:00,commodity_1,-0.00824327898934339
22-Jan-2015 16:30:00,22-Jan-2015 21:00:00,commodity_1,-0.178118187309259
23-Jan-2015 18:30:00,23-Jan-2015 21:00:00,commodity_1,0.0865105824925825
26-Jan-2015 17:30:00,26-Jan-2015 21:00:00,commodity_1,-0.903920845465064
27-Jan-2015 17:00:00,27-Jan-2015 21:00:00,commodity_1,-0.0433765247126452
28-Jan-2015 15:00:00,28-Jan-2015 21:00:00,commodity_1,0.477863218558254
30-Jan-2015 15:00:00,30-Jan-2015 21:00:00,commodity_1,1.34816626712181
02-Feb-2015 15:00:00,02-Feb-2015 21:00:00,commodity_1,0.920012695436372
03-Feb-2015 15:00:00,03-Feb-2015 21:00:00,commodity_1,1.31428928128316
04-Feb-2015 15:00:00,04-Feb-2015 21:00:00,commodity_1,2.65657449690442
05-Feb-2015 15:00:00,05-Feb-2015 21:00:00,commodity_1,0.471426905041282
06-Feb-2015 15:30:00,06-Feb-2015 21:00:00,commodity_1,0.0463781109257318
09-Feb-2015 16:30:00,09-Feb-2015 21:00:00,commodity_1,-0.254799305387701
10-Feb-2015 15:00:00,10-Feb-2015 21:00:00,commodity_1,1.17810220184223
11-Feb-2015 15:00:00,11-Feb-2015 21:00:00,commodity_1,-0.222663704276309
12-Feb-2015 15:00:00,12-Feb-2015 21:00:00,commodity_1,0.360530579785876
13-Feb-2015 15:00:00,13-Feb-2015 21:00:00,commodity_1,-0.466304235078072
17-Feb-2015 15:00:00,17-Feb-2015 21:00:00,commodity_1,-1.41776190403779
18-Feb-2015 17:00:00,18-Feb-2015 21:00:00,commodity_1,0.406095365047167
19-Feb-2015 15:00:00,19-Feb-2015 21:00:00,commodity_1,-2.70000983174878
20-Feb-2015 19:30:00,20-Feb-2015 21:00:00,commodity_1,-0.0406139274989615
23-Feb-2015 15:00:00,23-Feb-2015 21:00:00,commodity_1,-0.0746893691894282
25-Feb-2015 17:00:00,25-Feb-2015 21:00:00,commodity_1,0.615212272364592
26-Feb-2015 15:00:00,26-Feb-2015 21:00:00,commodity_1,0.809846436092296
02-Mar-2015 16:00:00,02-Mar-2015 21:00:00,commodity_1,-0.834081272995668
04-Mar-2015 19:30:00,04-Mar-2015 21:00:00,commodity_1,0.0662803041612464
05-Mar-2015 19:00:00,05-Mar-2015 21:00:00,commodity_1,-0.110284061334874
06-Mar-2015 17:00:00,06-Mar-2015 21:00:00,commodity_1,0.213878865181469
10-Mar-2015 16:30:00,10-Mar-2015 21:00:00,commodity_1,-0.0494420904499599
11-Mar-2015 15:00:00,11-Mar-2015 21:00:00,commodity_1,-0.648872906767277
12-Mar-2015 16:30:00,12-Mar-2015 21:00:00,commodity_1,0.264245322810219
13-Mar-2015 15:00:00,13-Mar-2015 21:00:00,commodity_1,0.348701810628618
16-Mar-2015 15:00:00,16-Mar-2015 21:00:00,commodity_1,-1.34310090035536
18-Mar-2015 18:30:00,18-Mar-2015 21:00:00,commodity_1,0.803438501484037
19-Mar-2015 15:00:00,19-Mar-2015 21:00:00,commodity_1,-0.026135045492532
20-Mar-2015 15:00:00,20-Mar-2015 21:00:00,commodity_1,-0.514761271656217
23-Mar-2015 19:00:00,23-Mar-2015 21:00:00,commodity_1,-0.00731650171581986
25-Mar-2015 17:30:00,25-Mar-2015 21:00:00,commodity_1,0.050882688352382
26-Mar-2015 15:00:00,26-Mar-2015 21:00:00,commodity_1,1.09762556576105
27-Mar-2015 15:00:00,27-Mar-2015 21:00:00,commodity_1,1.27918693747199
01-Apr-2015 16:00:00,01-Apr-2015 21:00:00,commodity_1,0.889706857594561
02-Apr-2015 18:30:00,02-Apr-2015 21:00:00,commodity_1,-0.937779660741283
06-Apr-2015 15:30:00,06-Apr-2015 21:00:00,commodity_1,1.33549873407894
07-Apr-2015 16:00:00,07-Apr-2015 21:00:00,commodity_1,0.345630583678893
08-Apr-2015 15:00:00,08-Apr-2015 21:00:00,commodity_1,1.56046902231146
10-Apr-2015 17:30:00,10-Apr-2015 21:00:00,commodity_1,0
14-Apr-2015 15:30:00,14-Apr-2015 21:00:00,commodity_1,0.196799445792094
15-Apr-2015 16:00:00,15-Apr-2015 21:00:00,commodity_1,1.04688965233274
16-Apr-2015 19:00:00,16-Apr-2015 21:00:00,commodity_1,-0.550001904239703
21-Apr-2015 19:30:00,21-Apr-2015 21:00:00,commodity_1,-0.0232535854349321
23-Apr-2015 15:30:00,23-Apr-2015 21:00:00,commodity_1,0.0976405071607235
29-Apr-2015 16:00:00,29-Apr-2015 21:00:00,commodity_1,0.0789413307879484
01-May-2015 18:00:00,01-May-2015 21:00:00,commodity_1,-0.648107796436941
05-May-2015 15:00:00,05-May-2015 21:00:00,commodity_1,-0.194404014916342
06-May-2015 15:00:00,06-May-2015 21:00:00,commodity_1,-1.09456853782323
07-May-2015 15:30:00,07-May-2015 21:00:00,commodity_1,0.259337021543482
12-May-2015 17:00:00,12-May-2015 21:00:00,commodity_1,-0.31202724684259
15-May-2015 15:00:00,15-May-2015 21:00:00,commodity_1,-0.773113204372442
19-May-2015 15:00:00,19-May-2015 21:00:00,commodity_1,0.82166272281572
21-May-2015 15:00:00,21-May-2015 21:00:00,commodity_1,0.64237364720848
26-May-2015 15:30:00,26-May-2015 21:00:00,commodity_1,0.241251608572003
29-May-2015 15:30:00,29-May-2015 21:00:00,commodity_1,0.759152515052391
02-Jun-2015 18:00:00,02-Jun-2015 21:00:00,commodity_1,-0.142233663029051
03-Jun-2015 17:30:00,03-Jun-2015 21:00:00,commodity_1,0.295045535536217
04-Jun-2015 15:30:00,04-Jun-2015 21:00:00,commodity_1,0.284130219774919
09-Jun-2015 15:00:00,09-Jun-2015 21:00:00,commodity_1,0.0790131391170126
10-Jun-2015 15:00:00,10-Jun-2015 21:00:00,commodity_1,-0.0938556626196427
19-Jun-2015 17:00:00,19-Jun-2015 21:00:00,commodity_1,-0.181195881632865
29-Jun-2015 16:30:00,29-Jun-2015 21:00:00,commodity_1,0.0905717914627912
30-Jun-2015 19:30:00,30-Jun-2015 21:00:00,commodity_1,-0.0985760916292349
01-Jul-2015 16:00:00,01-Jul-2015 21:00:00,commodity_1,0.988598228907398
06-Jul-2015 15:00:00,06-Jul-2015 21:00:00,commodity_1,1.42597957939329
07-Jul-2015 15:00:00,07-Jul-2015 21:00:00,commodity_1,-1.42416061957978
08-Jul-2015 16:00:00,08-Jul-2015 21:00:00,commodity_1,0.0421831595862074
09-Jul-2015 15:00:00,09-Jul-2015 21:00:00,commodity_1,-0.102675028630921
15-Jul-2015 17:30:00,15-Jul-2015 21:00:00,commodity_1,0.248466712617514
22-Jul-2015 19:30:00,22-Jul-2015 21:00:00,commodity_1,0.0837752824619227
28-Jul-2015 16:30:00,28-Jul-2015 21:00:00,commodity_1,-0.415593949736343
29-Jul-2015 16:30:00,29-Jul-2015 21:00:00,commodity_1,-0.667938415006268
31-Jul-2015 18:00:00,31-Jul-2015 21:00:00,commodity_1,0.399177082601991
03-Aug-2015 17:30:00,03-Aug-2015 21:00:00,commodity_1,-0.0821306980774544
06-Aug-2015 16:30:00,06-Aug-2015 21:00:00,commodity_1,-0.322702818614896
10-Aug-2015 16:00:00,10-Aug-2015 21:00:00,commodity_1,0
11-Aug-2015 15:00:00,11-Aug-2015 21:00:00,commodity_1,0.131689702771324
13-Aug-2015 15:30:00,13-Aug-2015 21:00:00,commodity_1,0.018076142638186
19-Aug-2015 16:00:00,19-Aug-2015 21:00:00,commodity_1,0.597594191276127
20-Aug-2015 19:00:00,20-Aug-2015 21:00:00,commodity_1,-0.641589168529477
21-Aug-2015 18:30:00,21-Aug-2015 21:00:00,commodity_1,-0.232682286560133
24-Aug-2015 15:00:00,24-Aug-2015 21:00:00,commodity_1,0.72457553270761
25-Aug-2015 15:00:00,25-Aug-2015 21:00:00,commodity_1,-0.515911840161701
27-Aug-2015 15:00:00,27-Aug-2015 21:00:00,commodity_1,2.02873119910174
28-Aug-2015 15:30:00,28-Aug-2015 21:00:00,commodity_1,1.04728392979448
31-Aug-2015 15:00:00,31-Aug-2015 21:00:00,commodity_1,-5.66681854169658
01-Sep-2015 15:00:00,01-Sep-2015 21:00:00,commodity_1,1.70769762006844
02-Sep-2015 16:00:00,02-Sep-2015 21:00:00,commodity_1,-1.60564853061416
03-Sep-2015 15:30:00,03-Sep-2015 21:00:00,commodity_1,-1.16841532864736
07-Sep-2015 16:30:00,07-Sep-2015 21:00:00,commodity_1,0.114738457123806
08-Sep-2015 16:00:00,08-Sep-2015 21:00:00,commodity_1,0.253045845209539
09-Sep-2015 19:00:00,09-Sep-2015 21:00:00,commodity_1,0.220474778591414
10-Sep-2015 16:30:00,10-Sep-2015 21:00:00,commodity_1,0.232920154051589
11-Sep-2015 15:00:00,11-Sep-2015 21:00:00,commodity_1,-0.116213609074356
14-Sep-2015 17:00:00,14-Sep-2015 21:00:00,commodity_1,-0.275212626940728
16-Sep-2015 15:00:00,16-Sep-2015 21:00:00,commodity_1,1.15454471304359
18-Sep-2015 15:00:00,18-Sep-2015 21:00:00,commodity_1,0.41685320880158
21-Sep-2015 16:00:00,21-Sep-2015 21:00:00,commodity_1,0.225123982745259
22-Sep-2015 18:00:00,22-Sep-2015 21:00:00,commodity_1,-0.498653949215245
23-Sep-2015 17:30:00,23-Sep-2015 21:00:00,commodity_1,0.353751646323685
25-Sep-2015 15:00:00,25-Sep-2015 21:00:00,commodity_1,-0.50955434907142
28-Sep-2015 19:30:00,28-Sep-2015 21:00:00,commodity_1,-0.0787689275810955
29-Sep-2015 16:00:00,29-Sep-2015 21:00:00,commodity_1,-0.115465947139584
01-Oct-2015 15:00:00,01-Oct-2015 21:00:00,commodity_1,-1.77056042493636
05-Oct-2015 16:30:00,05-Oct-2015 21:00:00,commodity_1,-0.465697635213056
06-Oct-2015 16:00:00,06-Oct-2015 21:00:00,commodity_1,0.688990995215673
08-Oct-2015 17:00:00,08-Oct-2015 21:00:00,commodity_1,0.298382655954099
12-Oct-2015 17:00:00,12-Oct-2015 21:00:00,commodity_1,0.905130247666356
15-Oct-2015 16:30:00,15-Oct-2015 21:00:00,commodity_1,-1.07359803397443
19-Oct-2015 15:30:00,19-Oct-2015 21:00:00,commodity_1,0.231847609486131
21-Oct-2015 15:30:00,21-Oct-2015 21:00:00,commodity_1,-0.13328660387308
23-Oct-2015 15:00:00,23-Oct-2015 21:00:00,commodity_1,-0.177746955209762
27-Oct-2015 17:00:00,27-Oct-2015 21:00:00,commodity_1,-0.305391691752434
28-Oct-2015 15:00:00,28-Oct-2015 21:00:00,commodity_1,0.681825184795162
30-Oct-2015 18:00:00,30-Oct-2015 21:00:00,commodity_1,-0.223289806950317
03-Nov-2015 15:30:00,03-Nov-2015 21:00:00,commodity_1,0.477525564050532
04-Nov-2015 16:30:00,04-Nov-2015 21:00:00,commodity_1,0.0540645021555374
05-Nov-2015 19:30:00,05-Nov-2015 21:00:00,commodity_1,0.0329267238718644
06-Nov-2015 15:30:00,06-Nov-2015 21:00:00,commodity_1,-0.156131149271095
11-Nov-2015 16:30:00,11-Nov-2015 21:00:00,commodity_1,-0.0173027380624202
12-Nov-2015 16:30:00,12-Nov-2015 21:00:00,commodity_1,0.0173262419808398
13-Nov-2015 15:30:00,13-Nov-2015 21:00:00,commodity_1,-0.225266510529672
16-Nov-2015 19:00:00,16-Nov-2015 21:00:00,commodity_1,-0.0768346495020788
17-Nov-2015 15:00:00,17-Nov-2015 21:00:00,commodity_1,0.174905048125877
23-Nov-2015 17:00:00,23-Nov-2015 21:00:00,commodity_1,-0.521786855777794
24-Nov-2015 15:00:00,24-Nov-2015 21:00:00,commodity_1,-0.276523124432867
25-Nov-2015 15:00:00,25-Nov-2015 21:00:00,commodity_1,-0.759788467889438
02-Dec-2015 16:30:00,02-Dec-2015 21:00:00,commodity_1,0.506719976813451
03-Dec-2015 18:00:00,03-Dec-2015 21:00:00,commodity_1,-0.227149221961742
04-Dec-2015 15:00:00,04-Dec-2015 21:00:00,commodity_1,-0.154663620392903
07-Dec-2015 15:00:00,07-Dec-2015 21:00:00,commodity_1,1.22579077424081
11-Dec-2015 17:30:00,11-Dec-2015 21:00:00,commodity_1,0.158164160195532
14-Dec-2015 17:00:00,14-Dec-2015 21:00:00,commodity_1,0.0233952561785297
15-Dec-2015 16:30:00,15-Dec-2015 21:00:00,commodity_1,-0.0621680680631182
16-Dec-2015 16:00:00,16-Dec-2015 21:00:00,commodity_1,0.30251665188145
17-Dec-2015 16:30:00,17-Dec-2015 21:00:00,commodity_1,-0.0742681136793843
23-Dec-2015 15:00:00,23-Dec-2015 21:00:00,commodity_1,0.503363214127013
28-Dec-2015 15:00:00,28-Dec-2015 21:00:00,commodity_1,-0.07814411557824
29-Dec-2015 15:00:00,29-Dec-2015 21:00:00,commodity_1,0.195517509149737
30-Dec-2015 15:00:00,30-Dec-2015 21:00:00,commodity_1,0.178080318098217
31-Dec-2015 17:30:00,31-Dec-2015 21:00:00,commodity_1,-0.38191832661996
04-Jan-2016 15:00:00,04-Jan-2016 21:00:00,commodity_1,-1.43583088824579
05-Jan-2016 18:30:00,05-Jan-2016 21:00:00,commodity_1,0.0509705148759425
06-Jan-2016 15:00:00,06-Jan-2016 21:00:00,commodity_1,0.898597061950349
11-Jan-2016 16:00:00,11-Jan-2016 21:00:00,commodity_1,0.535353442485916
12-Jan-2016 16:30:00,12-Jan-2016 21:00:00,commodity_1,-0.425922209649948
13-Jan-2016 15:00:00,13-Jan-2016 21:00:00,commodity_1,-0.551727197377069
14-Jan-2016 16:00:00,14-Jan-2016 21:00:00,commodity_1,-0.0555925497440079
15-Jan-2016 15:00:00,15-Jan-2016 21:00:00,commodity_1,0.15966989089222
18-Jan-2016 15:00:00,18-Jan-2016 21:00:00,commodity_1,0.0421386521899208
20-Jan-2016 15:00:00,20-Jan-2016 21:00:00,commodity_1,-0.201845262219441
21-Jan-2016 17:00:00,21-Jan-2016 21:00:00,commodity_1,-0.101972263374064
22-Jan-2016 15:00:00,22-Jan-2016 21:00:00,commodity_1,1.0282922682866
25-Jan-2016 15:00:00,25-Jan-2016 21:00:00,commodity_1,1.5845014079211
26-Jan-2016 15:00:00,26-Jan-2016 21:00:00,commodity_1,0.602379635855182
27-Jan-2016 17:00:00,27-Jan-2016 21:00:00,commodity_1,-0.356178899087056
28-Jan-2016 15:00:00,28-Jan-2016 21:00:00,commodity_1,-0.960541819205972
01-Feb-2016 15:00:00,01-Feb-2016 21:00:00,commodity_1,0.832175436845429
02-Feb-2016 15:00:00,02-Feb-2016 21:00:00,commodity_1,0.159540288053104
03-Feb-2016 15:00:00,03-Feb-2016 21:00:00,commodity_1,1.29989251749593
04-Feb-2016 19:00:00,04-Feb-2016 21:00:00,commodity_1,-0.0992459992667243
05-Feb-2016 19:30:00,05-Feb-2016 21:00:00,commodity_1,0.0074760679689846
08-Feb-2016 15:00:00,08-Feb-2016 21:00:00,commodity_1,-0.142427494172977
09-Feb-2016 17:00:00,09-Feb-2016 21:00:00,commodity_1,0.686521249898294
10-Feb-2016 15:00:00,10-Feb-2016 21:00:00,commodity_1,0.283968384848124
11-Feb-2016 16:00:00,11-Feb-2016 21:00:00,commodity_1,-0.650116691187835
12-Feb-2016 15:00:00,12-Feb-2016 21:00:00,commodity_1,1.12663621190988
15-Feb-2016 15:00:00,15-Feb-2016 21:00:00,commodity_1,-0.0239335815213258
16-Feb-2016 15:30:00,16-Feb-2016 21:00:00,commodity_1,-0.0744015164455792
17-Feb-2016 15:30:00,17-Feb-2016 21:00:00,commodity_1,0.694343301799662
18-Feb-2016 15:00:00,18-Feb-2016 21:00:00,commodity_1,-1.29637530373559
19-Feb-2016 15:30:00,19-Feb-2016 21:00:00,commodity_1,-0.122482406304171
22-Feb-2016 15:00:00,22-Feb-2016 21:00:00,commodity_1,-0.360266837239521
23-Feb-2016 15:30:00,23-Feb-2016 21:00:00,commodity_1,0.513398542031419
24-Feb-2016 15:00:00,24-Feb-2016 21:00:00,commodity_1,-1.38035887511449
25-Feb-2016 16:00:00,25-Feb-2016 21:00:00,commodity_1,-1.45469219496079
26-Feb-2016 15:00:00,26-Feb-2016 21:00:00,commodity_1,-1.06253111762142
29-Feb-2016 17:30:00,29-Feb-2016 21:00:00,commodity_1,0.0774807455494058
04-Mar-2016 17:00:00,04-Mar-2016 21:00:00,commodity_1,0
07-Mar-2016 16:00:00,07-Mar-2016 21:00:00,commodity_1,0.591718591272283
08-Mar-2016 15:30:00,08-Mar-2016 21:00:00,commodity_1,0.533903819048301
09-Mar-2016 15:00:00,09-Mar-2016 21:00:00,commodity_1,0.786097145357662
10-Mar-2016 16:30:00,10-Mar-2016 21:00:00,commodity_1,-0.513236701741816
14-Mar-2016 15:00:00,14-Mar-2016 21:00:00,commodity_1,-0.579449974393673
15-Mar-2016 15:00:00,15-Mar-2016 21:00:00,commodity_1,-0.156967812408053
16-Mar-2016 15:00:00,16-Mar-2016 21:00:00,commodity_1,0.469165991017845
17-Mar-2016 15:00:00,17-Mar-2016 21:00:00,commodity_1,0.20988060032921
23-Mar-2016 15:30:00,23-Mar-2016 21:00:00,commodity_1,0.312684597244378
24-Mar-2016 15:00:00,24-Mar-2016 21:00:00,commodity_1,-0.501070341451538
29-Mar-2016 15:00:00,29-Mar-2016 21:00:00,commodity_1,-0.187152764883077
30-Mar-2016 15:00:00,30-Mar-2016 21:00:00,commodity_1,-1.01130907377911
01-Apr-2016 15:00:00,01-Apr-2016 21:00:00,commodity_1,0.153039675241544
04-Apr-2016 19:30:00,04-Apr-2016 21:00:00,commodity_1,0.0357929495667447
06-Apr-2016 15:00:00,06-Apr-2016 21:00:00,commodity_1,0.764175467267202
07-Apr-2016 16:30:00,07-Apr-2016 21:00:00,commodity_1,-0.405305570396758
08-Apr-2016 15:00:00,08-Apr-2016 21:00:00,commodity_1,0.558655976082915
11-Apr-2016 15:00:00,11-Apr-2016 21:00:00,commodity_1,-0.112007282749766
12-Apr-2016 16:30:00,12-Apr-2016 21:00:00,commodity_1,0.468999923218017
15-Apr-2016 15:00:00,15-Apr-2016 21:00:00,commodity_1,-0.354902233798366
18-Apr-2016 15:00:00,18-Apr-2016 21:00:00,commodity_1,-0.741378998294643
19-Apr-2016 15:30:00,19-Apr-2016 21:00:00,commodity_1,0.0639425225582063
20-Apr-2016 18:00:00,20-Apr-2016 21:00:00,commodity_1,0.246819378523868
26-Apr-2016 17:00:00,26-Apr-2016 21:00:00,commodity_1,-0.0226888633979951
27-Apr-2016 19:30:00,27-Apr-2016 21:00:00,commodity_1,0.0740740162514927
02-May-2016 17:00:00,02-May-2016 21:00:00,commodity_1,-0.151429624612236
03-May-2016 15:30:00,03-May-2016 21:00:00,commodity_1,0.0293885069938077
04-May-2016 15:00:00,04-May-2016 21:00:00,commodity_1,-0.646202770893423
05-May-2016 15:00:00,05-May-2016 21:00:00,commodity_1,-1.14706111981431
09-May-2016 17:00:00,09-May-2016 21:00:00,commodity_1,0.0286659837980317
10-May-2016 17:30:00,10-May-2016 21:00:00,commodity_1,0.13583858677549
11-May-2016 16:30:00,11-May-2016 21:00:00,commodity_1,0.105118623109577
16-May-2016 15:00:00,16-May-2016 21:00:00,commodity_1,0.0264063692061029
10-Jun-2016 17:30:00,10-Jun-2016 21:00:00,commodity_1,0.141229571207272
16-Jun-2016 17:00:00,16-Jun-2016 21:00:00,commodity_1,0.197650129291905
17-Jun-2016 15:00:00,17-Jun-2016 21:00:00,commodity_1,0.607709561087922
22-Jun-2016 19:00:00,22-Jun-2016 21:00:00,commodity_1,-0.362949597663835
24-Jun-2016 15:00:00,24-Jun-2016 21:00:00,commodity_1,0.598208136033285
27-Jun-2016 16:30:00,27-Jun-2016 21:00:00,commodity_1,-0.099019695279692
29-Jun-2016 16:30:00,29-Jun-2016 21:00:00,commodity_1,0.263455317590082
05-Jul-2016 15:00:00,05-Jul-2016 21:00:00,commodity_1,0.551171943896157
07-Jul-2016 17:30:00,07-Jul-2016 21:00:00,commodity_1,0.757836495207925
12-Jul-2016 15:00:00,12-Jul-2016 21:00:00,commodity_1,0.959569810208109
13-Jul-2016 16:00:00,13-Jul-2016 21:00:00,commodity_1,0.12070367950349
18-Jul-2016 15:00:00,18-Jul-2016 21:00:00,commodity_1,-0.295266169512296
25-Jul-2016 17:00:00,25-Jul-2016 21:00:00,commodity_1,0.0660065241666175
27-Jul-2016 18:00:00,27-Jul-2016 21:00:00,commodity_1,-0.176418527836379
01-Aug-2016 17:00:00,01-Aug-2016 21:00:00,commodity_1,0.159329612767801
03-Aug-2016 17:30:00,03-Aug-2016 21:00:00,commodity_1,0.319023807182451
08-Aug-2016 15:30:00,08-Aug-2016 21:00:00,commodity_1,-0.148677743535663
11-Aug-2016 15:30:00,11-Aug-2016 21:00:00,commodity_1,0.572937295506665
12-Aug-2016 17:00:00,12-Aug-2016 21:00:00,commodity_1,0.211983961182049
18-Aug-2016 17:00:00,18-Aug-2016 21:00:00,commodity_1,0.0303578630072243
22-Aug-2016 15:00:00,22-Aug-2016 21:00:00,commodity_1,0.333646684189369
24-Aug-2016 16:30:00,24-Aug-2016 21:00:00,commodity_1,-0.0836326670827743
31-Aug-2016 16:00:00,31-Aug-2016 21:00:00,commodity_1,0.300513427065118
01-Sep-2016 16:00:00,01-Sep-2016 21:00:00,commodity_1,0.03196206626393
02-Sep-2016 18:30:00,02-Sep-2016 21:00:00,commodity_1,-0.224134834928231
06-Sep-2016 15:00:00,06-Sep-2016 21:00:00,commodity_1,-0.671119089060043
08-Sep-2016 16:30:00,08-Sep-2016 21:00:00,commodity_1,0.1670361710003
09-Sep-2016 17:30:00,09-Sep-2016 21:00:00,commodity_1,0.245182485863033
13-Sep-2016 16:00:00,13-Sep-2016 21:00:00,commodity_1,0.0284638107876105
14-Sep-2016 18:00:00,14-Sep-2016 21:00:00,commodity_1,0.176804330525752
21-Sep-2016 16:30:00,21-Sep-2016 21:00:00,commodity_1,0.157620977266892
23-Sep-2016 17:30:00,23-Sep-2016 21:00:00,commodity_1,0.102387712968338
26-Sep-2016 15:30:00,26-Sep-2016 21:00:00,commodity_1,-0.0931353603890313
27-Sep-2016 16:00:00,27-Sep-2016 21:00:00,commodity_1,-0.277513677583999
28-Sep-2016 18:00:00,28-Sep-2016 21:00:00,commodity_1,0.929345203141042
29-Sep-2016 17:00:00,29-Sep-2016 21:00:00,commodity_1,-0.23382187026815
05-Oct-2016 16:00:00,05-Oct-2016 21:00:00,commodity_1,-0.0821571610754444
10-Oct-2016 15:00:00,10-Oct-2016 21:00:00,commodity_1,0.0270095593757756
19-Oct-2016 16:00:00,19-Oct-2016 21:00:00,commodity_1,-0.386456788561972
31-Oct-2016 15:00:00,31-Oct-2016 21:00:00,commodity_1,0.574404159884979
02-Nov-2016 15:00:00,02-Nov-2016 21:00:00,commodity_1,-0.303405732254201
11-Nov-2016 16:00:00,11-Nov-2016 21:00:00,commodity_1,0.0219751917199691
15-Nov-2016 15:00:00,15-Nov-2016 21:00:00,commodity_1,0.691110480713638
21-Nov-2016 15:00:00,21-Nov-2016 21:00:00,commodity_1,0.513905294165963
25-Nov-2016 16:00:00,25-Nov-2016 21:00:00,commodity_1,0.55244316684769
28-Nov-2016 15:00:00,28-Nov-2016 21:00:00,commodity_1,-0.190829923613955
29-Nov-2016 15:00:00,29-Nov-2016 21:00:00,commodity_1,-0.0820734359440739
30-Nov-2016 15:00:00,30-Nov-2016 21:00:00,commodity_1,1.57619163225049
01-Dec-2016 15:00:00,01-Dec-2016 21:00:00,commodity_1,0.147771135691103
12-Dec-2016 15:00:00,12-Dec-2016 21:00:00,commodity_1,-1.45939412220075
14-Dec-2016 19:30:00,14-Dec-2016 21:00:00,commodity_1,0.17526412071248
03-Jan-2017 17:30:00,03-Jan-2017 21:00:00,commodity_1,0.221980018966391
09-Jan-2017 16:30:00,09-Jan-2017 21:00:00,commodity_1,0.379811143397381
11-Jan-2017 16:30:00,11-Jan-2017 21:00:00,commodity_1,0.142586396074994
18-Jan-2017 19:30:00,18-Jan-2017 21:00:00,commodity_1,-0.0693575085211726
20-Jan-2017 15:00:00,20-Jan-2017 21:00:00,commodity_1,-0.0908807601837565
07-Feb-2017 18:00:00,07-Feb-2017 21:00:00,commodity_1,-0.183436680160228
08-Mar-2017 17:00:00,08-Mar-2017 21:00:00,commodity_1,0.994196042568913
09-Mar-2017 16:30:00,09-Mar-2017 21:00:00,commodity_1,-0.432879054213668
10-Mar-2017 18:00:00,10-Mar-2017 21:00:00,commodity_1,-0.0439971717412666
14-Mar-2017 17:00:00,14-Mar-2017 21:00:00,commodity_1,-0.473969261417977
29-Mar-2017 19:00:00,29-Mar-2017 21:00:00,commodity_1,-0.0285082656792544
19-Apr-2017 18:30:00,19-Apr-2017 21:00:00,commodity_1,0.64179474250332
21-Apr-2017 17:30:00,21-Apr-2017 21:00:00,commodity_1,-0.224812564857845
04-May-2017 16:00:00,04-May-2017 21:00:00,commodity_1,0.839577520516058
05-May-2017 16:00:00,05-May-2017 21:00:00,commodity_1,-0.171153977284988
10-May-2017 16:00:00,10-May-2017 21:00:00,commodity_1,0.0252604916233545
15-May-2017 15:00:00,15-May-2017 21:00:00,commodity_1,-0.527948661412481
19-May-2017 17:30:00,19-May-2017 21:00:00,commodity_1,-0.0214174190737898
25-May-2017 17:00:00,25-May-2017 21:00:00,commodity_1,0.877309603696083
26-May-2017 19:30:00,26-May-2017 21:00:00,commodity_1,0.0140867623436777
31-May-2017 15:00:00,31-May-2017 21:00:00,commodity_1,0.0872497729268539
07-Jun-2017 16:00:00,07-Jun-2017 21:00:00,commodity_1,0.416633601623376
14-Jun-2017 16:00:00,14-Jun-2017 21:00:00,commodity_1,0.136832710896665
20-Jun-2017 15:00:00,20-Jun-2017 21:00:00,commodity_1,-0.301472119120841
21-Jun-2017 18:00:00,21-Jun-2017 21:00:00,commodity_1,-0.0371982457850091
30-Jun-2017 19:00:00,30-Jun-2017 21:00:00,commodity_1,0.162925247736865
05-Jul-2017 15:30:00,05-Jul-2017 21:00:00,commodity_1,0.533182545930511
06-Jul-2017 16:30:00,06-Jul-2017 21:00:00,commodity_1,-0.945138904293894
07-Jul-2017 15:30:00,07-Jul-2017 21:00:00,commodity_1,-0.324730553072194
12-Jul-2017 15:30:00,12-Jul-2017 21:00:00,commodity_1,-0.483522849723874
21-Jul-2017 17:30:00,21-Jul-2017 21:00:00,commodity_1,0.154244550694704
25-Jul-2017 16:30:00,25-Jul-2017 21:00:00,commodity_1,0.0897384633226205
01-Aug-2017 16:30:00,01-Aug-2017 21:00:00,commodity_1,-0.459683315302943
14-Aug-2017 19:30:00,14-Aug-2017 21:00:00,commodity_1,0.0550064973494041
18-Aug-2017 17:30:00,18-Aug-2017 21:00:00,commodity_1,0.252665919981697
21-Aug-2017 17:00:00,21-Aug-2017 21:00:00,commodity_1,0.089909477831888
24-Aug-2017 17:30:00,24-Aug-2017 21:00:00,commodity_1,-0.238154207668985
28-Aug-2017 15:30:00,28-Aug-2017 21:00:00,commodity_1,0.0212191267966073
31-Aug-2017 15:30:00,31-Aug-2017 21:00:00,commodity_1,-0.0408109559787452
05-Sep-2017 15:00:00,05-Sep-2017 21:00:00,commodity_1,0.0830448553810095
08-Sep-2017 18:00:00,08-Sep-2017 21:00:00,commodity_1,0.368119613872695
13-Sep-2017 19:30:00,13-Sep-2017 21:00:00,commodity_1,-0.00711067824429563
25-Sep-2017 17:30:00,25-Sep-2017 21:00:00,commodity_1,0.29563143867528
02-Oct-2017 15:00:00,02-Oct-2017 21:00:00,commodity_1,-0.240286084488575
05-Oct-2017 16:30:00,05-Oct-2017 21:00:00,commodity_1,-0.189326052316979
06-Oct-2017 15:00:00,06-Oct-2017 21:00:00,commodity_1,0.149576107546568
10-Oct-2017 15:00:00,10-Oct-2017 21:00:00,commodity_1,0.169894455539204
27-Oct-2017 18:00:00,27-Oct-2017 21:00:00,commodity_1,0.0766673453345667
06-Nov-2017 17:00:00,06-Nov-2017 21:00:00,commodity_1,0.183302359326491
14-Nov-2017 16:00:00,14-Nov-2017 21:00:00,commodity_1,-0.286688376924666
17-Nov-2017 16:30:00,17-Nov-2017 21:00:00,commodity_1,0.141879023622664
27-Nov-2017 15:30:00,27-Nov-2017 21:00:00,commodity_1,-0.43636256246328
01-Dec-2017 15:00:00,01-Dec-2017 21:00:00,commodity_1,-0.269145176809493
06-Dec-2017 16:30:00,06-Dec-2017 21:00:00,commodity_1,0.242509197903202
26-Dec-2017 16:30:00,26-Dec-2017 21:00:00,commodity_1,0.117235342003371
03-Jan-2018 19:00:00,03-Jan-2018 21:00:00,commodity_1,0.0436411598939698
09-Jan-2018 19:00:00,09-Jan-2018 21:00:00,commodity_1,-0.146250379137038
02-Feb-2018 16:00:00,02-Feb-2018 21:00:00,commodity_1,-0.577765749665622
05-Feb-2018 18:30:00,05-Feb-2018 21:00:00,commodity_1,-0.105184732239625
07-Feb-2018 16:30:00,07-Feb-2018 21:00:00,commodity_1,0.282210835897754
09-Feb-2018 18:00:00,09-Feb-2018 21:00:00,commodity_1,-0.00738316631109216
14-Feb-2018 19:30:00,14-Feb-2018 21:00:00,commodity_1,0.0954569557246241
22-Feb-2018 16:30:00,22-Feb-2018 21:00:00,commodity_1,-0.0685868847068457
05-Mar-2018 17:00:00,05-Mar-2018 21:00:00,commodity_1,-0.0214184448136755
07-Mar-2018 17:30:00,07-Mar-2018 21:00:00,commodity_1,-0.230491489176827
08-Mar-2018 19:30:00,08-Mar-2018 21:00:00,commodity_1,-0.120577629086873
09-Mar-2018 16:30:00,09-Mar-2018 21:00:00,commodity_1,0.152042121669263
12-Mar-2018 15:30:00,12-Mar-2018 21:00:00,commodity_1,-0.44271382755088
16-Mar-2018 18:30:00,16-Mar-2018 21:00:00,commodity_1,-0.0772590059056967
20-Mar-2018 15:00:00,20-Mar-2018 21:00:00,commodity_1,-0.00764100291888314
21-Mar-2018 15:30:00,21-Mar-2018 21:00:00,commodity_1,0.236916419446377
23-Mar-2018 15:30:00,23-Mar-2018 21:00:00,commodity_1,0.283442841662779
02-Apr-2018 16:00:00,02-Apr-2018 21:00:00,commodity_1,0.331656827843431
04-Apr-2018 15:00:00,04-Apr-2018 21:00:00,commodity_1,-0.877365100603975
06-Apr-2018 16:30:00,06-Apr-2018 21:00:00,commodity_1,0.316217287495916
09-Apr-2018 15:30:00,09-Apr-2018 21:00:00,commodity_1,0.00791901926917246
10-Apr-2018 15:00:00,10-Apr-2018 21:00:00,commodity_1,0.935934010361824
11-Apr-2018 16:30:00,11-Apr-2018 21:00:00,commodity_1,-0.259146935913706
18-Apr-2018 15:00:00,18-Apr-2018 21:00:00,commodity_1,0.572679413659887
01-May-2018 19:00:00,01-May-2018 21:00:00,commodity_1,-0.244092078576846
04-May-2018 17:30:00,04-May-2018 21:00:00,commodity_1,-0.141976693008228
08-May-2018 16:30:00,08-May-2018 21:00:00,commodity_1,-1.04573089030116
09-May-2018 16:30:00,09-May-2018 21:00:00,commodity_1,0.0510244915751312
25-May-2018 15:00:00,25-May-2018 21:00:00,commodity_1,0.999592821560665
30-May-2018 16:30:00,30-May-2018 21:00:00,commodity_1,0.137807173174656
31-May-2018 17:30:00,31-May-2018 21:00:00,commodity_1,-0.0730157239039743
15-Jun-2018 15:30:00,15-Jun-2018 21:00:00,commodity_1,0.647404254502769
18-Jun-2018 18:30:00,18-Jun-2018 21:00:00,commodity_1,0.00743108819922381
19-Jun-2018 16:00:00,19-Jun-2018 21:00:00,commodity_1,-0.411440212065594
20-Jun-2018 17:00:00,20-Jun-2018 21:00:00,commodity_1,-0.489123015577443
22-Jun-2018 15:00:00,22-Jun-2018 21:00:00,commodity_1,1.38855753105633
26-Jun-2018 17:00:00,26-Jun-2018 21:00:00,commodity_1,0.413688824876172
27-Jun-2018 15:00:00,27-Jun-2018 21:00:00,commodity_1,0.431760379150926
28-Jun-2018 16:00:00,28-Jun-2018 21:00:00,commodity_1,-0.47082744504478
11-Jul-2018 16:30:00,11-Jul-2018 21:00:00,commodity_1,1.15056519012627
16-Jul-2018 15:00:00,16-Jul-2018 21:00:00,commodity_1,0.55728875765853
30-Jul-2018 15:00:00,30-Jul-2018 21:00:00,commodity_1,-0.251062411947754
31-Jul-2018 16:00:00,31-Jul-2018 21:00:00,commodity_1,-0.0570031973611859
02-Aug-2018 18:00:00,02-Aug-2018 21:00:00,commodity_1,-0.147574178780546
08-Aug-2018 16:00:00,08-Aug-2018 21:00:00,commodity_1,0.502548199000763
13-Aug-2018 17:00:00,13-Aug-2018 21:00:00,commodity_1,-1.03758002050402
15-Aug-2018 15:00:00,15-Aug-2018 21:00:00,commodity_1,0.592751907630277
22-Aug-2018 15:00:00,22-Aug-2018 21:00:00,commodity_1,0.538800071258374
24-Aug-2018 15:00:00,24-Aug-2018 21:00:00,commodity_1,-0.412894037247492
06-Sep-2018 17:00:00,06-Sep-2018 21:00:00,commodity_1,-0.507344738208597
11-Sep-2018 16:30:00,11-Sep-2018 21:00:00,commodity_1,0.471764746436784
12-Sep-2018 16:00:00,12-Sep-2018 21:00:00,commodity_1,-0.595380067574478
13-Sep-2018 15:30:00,13-Sep-2018 21:00:00,commodity_1,-0.156871272955093
18-Sep-2018 15:00:00,18-Sep-2018 21:00:00,commodity_1,-0.444683386080614
21-Sep-2018 15:30:00,21-Sep-2018 21:00:00,commodity_1,-0.764916437368024
24-Sep-2018 15:00:00,24-Sep-2018 21:00:00,commodity_1,0
28-Sep-2018 18:00:00,28-Sep-2018 21:00:00,commodity_1,-0.273847833427863
01-Oct-2018 18:30:00,01-Oct-2018 21:00:00,commodity_1,0.410476063057185
03-Oct-2018 19:00:00,03-Oct-2018 21:00:00,commodity_1,-0.228490332499344
04-Oct-2018 17:30:00,04-Oct-2018 21:00:00,commodity_1,0.149738824622585
10-Oct-2018 16:30:00,10-Oct-2018 21:00:00,commodity_1,0.232140238539644
11-Oct-2018 16:30:00,11-Oct-2018 21:00:00,commodity_1,0.462268738229035
17-Oct-2018 16:00:00,17-Oct-2018 21:00:00,commodity_1,-0.141447042733631
18-Oct-2018 19:00:00,18-Oct-2018 21:00:00,commodity_1,-0.0715605923862797
23-Oct-2018 15:00:00,23-Oct-2018 21:00:00,commodity_1,1.20070773913605
24-Oct-2018 17:30:00,24-Oct-2018 21:00:00,commodity_1,-1.05872370144066
31-Oct-2018 19:30:00,31-Oct-2018 21:00:00,commodity_1,0.0285153377001222
01-Nov-2018 16:00:00,01-Nov-2018 21:00:00,commodity_1,-0.372255249171906
06-Nov-2018 17:00:00,06-Nov-2018 21:00:00,commodity_1,-0.45633199881364
09-Nov-2018 15:00:00,09-Nov-2018 21:00:00,commodity_1,-0.298730757602696
12-Nov-2018 15:30:00,12-Nov-2018 21:00:00,commodity_1,-0.982917142705743
13-Nov-2018 15:30:00,13-Nov-2018 21:00:00,commodity_1,2.01731015025999
14-Nov-2018 15:00:00,14-Nov-2018 21:00:00,commodity_1,-0.785297560122261
16-Nov-2018 15:00:00,16-Nov-2018 21:00:00,commodity_1,-0.649637250694095
19-Nov-2018 15:00:00,19-Nov-2018 21:00:00,commodity_1,-1.89222420008106
20-Nov-2018 15:00:00,20-Nov-2018 21:00:00,commodity_1,2.3349003031557
21-Nov-2018 15:00:00,21-Nov-2018 21:00:00,commodity_1,-0.22581305372709
23-Nov-2018 15:00:00,23-Nov-2018 21:00:00,commodity_1,1.84356202684414
26-Nov-2018 15:00:00,26-Nov-2018 21:00:00,commodity_1,-0.132988965217064
28-Nov-2018 19:30:00,28-Nov-2018 21:00:00,commodity_1,-0.137913959046092
29-Nov-2018 15:00:00,29-Nov-2018 21:00:00,commodity_1,0.181540140635317
30-Nov-2018 15:00:00,30-Nov-2018 21:00:00,commodity_1,-0.821121740010061
03-Dec-2018 15:00:00,03-Dec-2018 21:00:00,commodity_1,0.0701312203118502
05-Dec-2018 16:00:00,05-Dec-2018 21:00:00,commodity_1,-0.883520620205147
06-Dec-2018 15:00:00,06-Dec-2018 21:00:00,commodity_1,0.148737287130437
07-Dec-2018 15:00:00,07-Dec-2018 21:00:00,commodity_1,-1.76174325636902
10-Dec-2018 19:30:00,10-Dec-2018 21:00:00,commodity_1,0.182809865799428
11-Dec-2018 15:00:00,11-Dec-2018 21:00:00,commodity_1,-0.419452904132187
13-Dec-2018 19:30:00,13-Dec-2018 21:00:00,commodity_1,0.235548033876271
14-Dec-2018 15:30:00,14-Dec-2018 21:00:00,commodity_1,0.535876524656321
17-Dec-2018 19:00:00,17-Dec-2018 21:00:00,commodity_1,0.53439088099312
18-Dec-2018 16:00:00,18-Dec-2018 21:00:00,commodity_1,1.44590918595367
19-Dec-2018 15:00:00,19-Dec-2018 21:00:00,commodity_1,-0.0298301116583194
20-Dec-2018 16:30:00,20-Dec-2018 21:00:00,commodity_1,-0.247511140294295
24-Dec-2018 16:30:00,24-Dec-2018 21:00:00,commodity_1,1.39400877970387
26-Dec-2018 15:00:00,26-Dec-2018 21:00:00,commodity_1,3.13542990278623
27-Dec-2018 15:00:00,27-Dec-2018 21:00:00,commodity_1,0.647449047401523
28-Dec-2018 15:30:00,28-Dec-2018 21:00:00,commodity_1,-0.534065811562458
02-Jan-2019 15:00:00,02-Jan-2019 21:00:00,commodity_1,-1.4093637429065
04-Jan-2019 15:00:00,04-Jan-2019 21:00:00,commodity_1,-0.644464104377979
07-Jan-2019 15:30:00,07-Jan-2019 21:00:00,commodity_1,-0.469762360249306
08-Jan-2019 17:00:00,08-Jan-2019 21:00:00,commodity_1,-0.0983427958458368
09-Jan-2019 15:00:00,09-Jan-2019 21:00:00,commodity_1,1.04480691123466
11-Jan-2019 18:30:00,11-Jan-2019 21:00:00,commodity_1,-0.172757562800514
15-Jan-2019 15:00:00,15-Jan-2019 21:00:00,commodity_1,0.272417097653725
17-Jan-2019 16:00:00,17-Jan-2019 21:00:00,commodity_1,-0.922753823626348
18-Jan-2019 16:00:00,18-Jan-2019 21:00:00,commodity_1,0.0901453206171212
22-Jan-2019 15:00:00,22-Jan-2019 21:00:00,commodity_1,-0.386132553374921
28-Jan-2019 15:00:00,28-Jan-2019 21:00:00,commodity_1,-0.0533912977619157
29-Jan-2019 15:00:00,29-Jan-2019 21:00:00,commodity_1,-0.327064532669633
30-Jan-2019 16:00:00,30-Jan-2019 21:00:00,commodity_1,-0.12747628236519
01-Feb-2019 18:30:00,01-Feb-2019 21:00:00,commodity_1,-0.0728255796740089
04-Feb-2019 15:00:00,04-Feb-2019 21:00:00,commodity_1,-0.44511920135939
05-Feb-2019 18:00:00,05-Feb-2019 21:00:00,commodity_1,-0.0640628372991493
07-Feb-2019 16:00:00,07-Feb-2019 21:00:00,commodity_1,-0.00707856085371769
11-Feb-2019 15:00:00,11-Feb-2019 21:00:00,commodity_1,-0.758008111735788
12-Feb-2019 15:00:00,12-Feb-2019 21:00:00,commodity_1,-0.50652600779352
13-Feb-2019 15:30:00,13-Feb-2019 21:00:00,commodity_1,-0.204987396804729
15-Feb-2019 17:00:00,15-Feb-2019 21:00:00,commodity_1,0.0494558156629554
25-Feb-2019 16:00:00,25-Feb-2019 21:00:00,commodity_1,0.33242937809586
27-Feb-2019 16:00:00,27-Feb-2019 21:00:00,commodity_1,-0.221880109006153
01-Mar-2019 17:00:00,01-Mar-2019 21:00:00,commodity_1,0.0338865536040981
04-Mar-2019 15:00:00,04-Mar-2019 21:00:00,commodity_1,-0.283668100351463
08-Mar-2019 15:00:00,08-Mar-2019 21:00:00,commodity_1,-1.27353145101181
13-Mar-2019 18:30:00,13-Mar-2019 21:00:00,commodity_1,-0.00740771646712906
22-Mar-2019 15:30:00,22-Mar-2019 21:00:00,commodity_1,-0.288755366372463
01-Apr-2019 18:00:00,01-Apr-2019 21:00:00,commodity_1,0.146812588294936
22-Apr-2019 15:00:00,22-Apr-2019 21:00:00,commodity_1,0.126953611573912
26-Apr-2019 15:30:00,26-Apr-2019 21:00:00,commodity_1,0.170558103693028
02-May-2019 15:00:00,02-May-2019 21:00:00,commodity_1,0.323877059973598
07-May-2019 15:00:00,07-May-2019 21:00:00,commodity_1,-0.396994429183893
13-May-2019 15:00:00,13-May-2019 21:00:00,commodity_1,-1.44556793815634
16-May-2019 16:30:00,16-May-2019 21:00:00,commodity_1,-0.243344554410272
22-May-2019 16:00:00,22-May-2019 21:00:00,commodity_1,0.35955977924231
23-May-2019 15:00:00,23-May-2019 21:00:00,commodity_1,1.55887849530354
29-May-2019 15:00:00,29-May-2019 21:00:00,commodity_1,-0.866163166272521
30-May-2019 17:00:00,30-May-2019 21:00:00,commodity_1,0.90567482453119
31-May-2019 15:00:00,31-May-2019 21:00:00,commodity_1,1.79957900233818
05-Jun-2019 16:00:00,05-Jun-2019 21:00:00,commodity_1,-0.247214513104034
12-Jun-2019 15:00:00,12-Jun-2019 21:00:00,commodity_1,0.935097102576871
13-Jun-2019 15:00:00,13-Jun-2019 21:00:00,commodity_1,-0.574885831210066
18-Jun-2019 15:00:00,18-Jun-2019 21:00:00,commodity_1,0.579427079361337
20-Jun-2019 15:00:00,20-Jun-2019 21:00:00,commodity_1,1.21975974993463
26-Jun-2019 15:00:00,26-Jun-2019 21:00:00,commodity_1,-0.123902270706962
01-Jul-2019 15:00:00,01-Jul-2019 21:00:00,commodity_1,-0.529241690389377
02-Jul-2019 15:30:00,02-Jul-2019 21:00:00,commodity_1,1.08948165187366
10-Jul-2019 15:00:00,10-Jul-2019 21:00:00,commodity_1,0.628144859293044
16-Jul-2019 18:30:00,16-Jul-2019 21:00:00,commodity_1,-0.141539922726108
17-Jul-2019 18:30:00,17-Jul-2019 21:00:00,commodity_1,0.107774442911779
18-Jul-2019 16:30:00,18-Jul-2019 21:00:00,commodity_1,-0.0754318895627317
01-Aug-2019 15:00:00,01-Aug-2019 21:00:00,commodity_1,1.83983358512854
02-Aug-2019 15:00:00,02-Aug-2019 21:00:00,commodity_1,-0.191048600190732
06-Aug-2019 19:30:00,06-Aug-2019 21:00:00,commodity_1,-0.109436919892469
07-Aug-2019 15:00:00,07-Aug-2019 21:00:00,commodity_1,0.231352951569553
09-Aug-2019 15:00:00,09-Aug-2019 21:00:00,commodity_1,0.242907127779282
13-Aug-2019 15:00:00,13-Aug-2019 21:00:00,commodity_1,0.480706783193886
14-Aug-2019 15:00:00,14-Aug-2019 21:00:00,commodity_1,0.0632622965402963
19-Aug-2019 18:30:00,19-Aug-2019 21:00:00,commodity_1,0.125908604524747
23-Aug-2019 15:00:00,23-Aug-2019 21:00:00,commodity_1,-0.144129210832189
28-Aug-2019 15:00:00,28-Aug-2019 21:00:00,commodity_1,-0.51890851537251
30-Aug-2019 15:30:00,30-Aug-2019 21:00:00,commodity_1,0.0498161939951073
03-Sep-2019 15:00:00,03-Sep-2019 21:00:00,commodity_1,-0.829582510675681
04-Sep-2019 15:00:00,04-Sep-2019 21:00:00,commodity_1,0.755204694100943
09-Sep-2019 16:00:00,09-Sep-2019 21:00:00,commodity_1,0.127529585692355
11-Sep-2019 17:00:00,11-Sep-2019 21:00:00,commodity_1,0.340732496864987
12-Sep-2019 15:00:00,12-Sep-2019 21:00:00,commodity_1,-0.557739546416759
16-Sep-2019 15:00:00,16-Sep-2019 21:00:00,commodity_1,4.80100563012366
17-Sep-2019 15:00:00,17-Sep-2019 21:00:00,commodity_1,0.943389592601108
24-Sep-2019 18:00:00,24-Sep-2019 21:00:00,commodity_1,-0.0212970725138216
25-Sep-2019 15:00:00,25-Sep-2019 21:00:00,commodity_1,-0.709521948268587
30-Sep-2019 18:30:00,30-Sep-2019 21:00:00,commodity_1,0.546242763899663
02-Oct-2019 16:30:00,02-Oct-2019 21:00:00,commodity_1,-0.130589896938438
03-Oct-2019 15:30:00,03-Oct-2019 21:00:00,commodity_1,-0.684802973461694
09-Oct-2019 15:00:00,09-Oct-2019 21:00:00,commodity_1,-0.331742119439273
14-Oct-2019 15:00:00,14-Oct-2019 21:00:00,commodity_1,-0.276448460332121
23-Oct-2019 18:30:00,23-Oct-2019 21:00:00,commodity_1,0.1457684147423
31-Oct-2019 15:00:00,31-Oct-2019 21:00:00,commodity_1,-0.211324499952521
01-Nov-2019 15:00:00,01-Nov-2019 21:00:00,commodity_1,0.676482306221811
07-Nov-2019 17:00:00,07-Nov-2019 21:00:00,commodity_1,-0.452542359918957
18-Nov-2019 17:00:00,18-Nov-2019 21:00:00,commodity_1,-0.0630299564869825
19-Nov-2019 16:00:00,19-Nov-2019 21:00:00,commodity_1,0.307381489578148
20-Nov-2019 16:30:00,20-Nov-2019 21:00:00,commodity_1,0.167869758920233
21-Nov-2019 18:00:00,21-Nov-2019 21:00:00,commodity_1,0.174117955869439
29-Nov-2019 15:00:00,29-Nov-2019 21:00:00,commodity_1,1.11437870023252
04-Dec-2019 15:00:00,04-Dec-2019 21:00:00,commodity_1,0.504584857665964
03-Jan-2020 15:00:00,03-Jan-2020 21:00:00,commodity_1,-0.665780630458438
08-Jan-2020 16:00:00,08-Jan-2020 21:00:00,commodity_1,0.770618255882298
09-Jan-2020 15:30:00,09-Jan-2020 21:00:00,commodity_1,-0.606994288128668
22-Jan-2020 15:30:00,22-Jan-2020 21:00:00,commodity_1,0.12186441647543
23-Jan-2020 15:00:00,23-Jan-2020 21:00:00,commodity_1,-0.590375666822151
24-Jan-2020 16:00:00,24-Jan-2020 21:00:00,commodity_1,-0.05338534822948
27-Jan-2020 16:00:00,27-Jan-2020 21:00:00,commodity_1,-0.126621228541599
30-Jan-2020 17:30:00,30-Jan-2020 21:00:00,commodity_1,-0.444654376629637
31-Jan-2020 15:00:00,31-Jan-2020 21:00:00,commodity_1,0.259509529842713
03-Feb-2020 16:30:00,03-Feb-2020 21:00:00,commodity_1,0.250430716440829
05-Feb-2020 15:00:00,05-Feb-2020 21:00:00,commodity_1,-0.642979892848825
12-Feb-2020 15:00:00,12-Feb-2020 21:00:00,commodity_1,-0.0824718731359618
19-Feb-2020 16:30:00,19-Feb-2020 21:00:00,commodity_1,0.0697349176132787
21-Feb-2020 15:00:00,21-Feb-2020 21:00:00,commodity_1,-0.403283354920218
24-Feb-2020 15:00:00,24-Feb-2020 21:00:00,commodity_1,-0.567061360065228
25-Feb-2020 18:30:00,25-Feb-2020 21:00:00,commodity_1,0.26673657615032
26-Feb-2020 19:00:00,26-Feb-2020 21:00:00,commodity_1,-0.289165837227121
27-Feb-2020 15:00:00,27-Feb-2020 21:00:00,commodity_1,-0.4921725274653
28-Feb-2020 15:00:00,28-Feb-2020 21:00:00,commodity_1,-0.203313361286448
02-Mar-2020 16:30:00,02-Mar-2020 21:00:00,commodity_1,0.0519994619043266
05-Mar-2020 18:30:00,05-Mar-2020 21:00:00,commodity_1,0.305564445034249
06-Mar-2020 15:00:00,06-Mar-2020 21:00:00,commodity_1,3.92915182306115
09-Mar-2020 15:00:00,09-Mar-2020 21:00:00,commodity_1,5.61508919349245
10-Mar-2020 15:00:00,10-Mar-2020 21:00:00,commodity_1,2.81798156550737
11-Mar-2020 15:00:00,11-Mar-2020 21:00:00,commodity_1,0.58638006016866
12-Mar-2020 15:00:00,12-Mar-2020 21:00:00,commodity_1,0.719328075791567
13-Mar-2020 15:00:00,13-Mar-2020 21:00:00,commodity_1,1.48934232438401
16-Mar-2020 15:00:00,16-Mar-2020 21:00:00,commodity_1,2.46312462762866
17-Mar-2020 18:00:00,17-Mar-2020 21:00:00,commodity_1,0.827571457449877
18-Mar-2020 15:00:00,18-Mar-2020 21:00:00,commodity_1,2.50487250267321
19-Mar-2020 15:00:00,19-Mar-2020 21:00:00,commodity_1,2.35749999094606
20-Mar-2020 15:00:00,20-Mar-2020 21:00:00,commodity_1,1.2335632266593
23-Mar-2020 15:00:00,23-Mar-2020 21:00:00,commodity_1,-1.21903629540253
24-Mar-2020 18:00:00,24-Mar-2020 21:00:00,commodity_1,-0.599838342200215
25-Mar-2020 15:00:00,25-Mar-2020 21:00:00,commodity_1,-0.853213077662742
26-Mar-2020 15:30:00,26-Mar-2020 21:00:00,commodity_1,0.181721975379896
27-Mar-2020 15:00:00,27-Mar-2020 21:00:00,commodity_1,-0.521848438056919
30-Mar-2020 15:00:00,30-Mar-2020 21:00:00,commodity_1,-0.375730875400981
31-Mar-2020 16:00:00,31-Mar-2020 21:00:00,commodity_1,-0.266973973707705
02-Apr-2020 15:00:00,02-Apr-2020 21:00:00,commodity_1,4.02579155881941
03-Apr-2020 15:00:00,03-Apr-2020 21:00:00,commodity_1,3.61119119135388
06-Apr-2020 15:00:00,06-Apr-2020 21:00:00,commodity_1,1.56245480698785
07-Apr-2020 18:30:00,07-Apr-2020 21:00:00,commodity_1,1.11656565144721
08-Apr-2020 15:00:00,08-Apr-2020 21:00:00,commodity_1,1.07700473505087
09-Apr-2020 15:30:00,09-Apr-2020 21:00:00,commodity_1,-4.07485405889261
13-Apr-2020 19:30:00,13-Apr-2020 21:00:00,commodity_1,-0.106139366118944
14-Apr-2020 15:00:00,14-Apr-2020 21:00:00,commodity_1,1.4156645220567
15-Apr-2020 15:00:00,15-Apr-2020 21:00:00,commodity_1,-0.17554966020666
16-Apr-2020 18:00:00,16-Apr-2020 21:00:00,commodity_1,-0.855731585099723
17-Apr-2020 15:00:00,17-Apr-2020 21:00:00,commodity_1,0.154945902980625
20-Apr-2020 15:00:00,20-Apr-2020 21:00:00,commodity_1,4.55051837985634
21-Apr-2020 15:00:00,21-Apr-2020 21:00:00,commodity_1,5.59421525597017
22-Apr-2020 15:00:00,22-Apr-2020 21:00:00,commodity_1,-2.0665198147054
23-Apr-2020 15:00:00,23-Apr-2020 21:00:00,commodity_1,-0.459226625490094
24-Apr-2020 15:00:00,24-Apr-2020 21:00:00,commodity_1,-0.146605779038757
27-Apr-2020 15:00:00,27-Apr-2020 21:00:00,commodity_1,-0.70971387575741
28-Apr-2020 16:00:00,28-Apr-2020 21:00:00,commodity_1,-0.970287357796501
29-Apr-2020 15:00:00,29-Apr-2020 21:00:00,commodity_1,-0.626218125668304
30-Apr-2020 15:00:00,30-Apr-2020 21:00:00,commodity_1,2.27525918992817
01-May-2020 19:00:00,01-May-2020 21:00:00,commodity_1,0.00955088733147641
04-May-2020 19:30:00,04-May-2020 21:00:00,commodity_1,0.394902254381352
05-May-2020 15:00:00,05-May-2020 21:00:00,commodity_1,0.876705375935627
06-May-2020 15:00:00,06-May-2020 21:00:00,commodity_1,-0.74058777485789
07-May-2020 15:00:00,07-May-2020 21:00:00,commodity_1,-5.71945888110383
08-May-2020 15:00:00,08-May-2020 21:00:00,commodity_1,0.238101353955119
12-May-2020 15:00:00,12-May-2020 21:00:00,commodity_1,0.236405986981111
14-May-2020 15:30:00,14-May-2020 21:00:00,commodity_1,0.874217010121435
15-May-2020 15:30:00,15-May-2020 21:00:00,commodity_1,0.582984174464273
18-May-2020 15:00:00,18-May-2020 21:00:00,commodity_1,-0.313109062834156
20-May-2020 15:00:00,20-May-2020 21:00:00,commodity_1,0.247952132427075
22-May-2020 15:00:00,22-May-2020 21:00:00,commodity_1,-0.668593910506189
27-May-2020 15:30:00,27-May-2020 21:00:00,commodity_1,0.380998917740805
28-May-2020 18:00:00,28-May-2020 21:00:00,commodity_1,-0.0230967248540997
29-May-2020 19:30:00,29-May-2020 21:00:00,commodity_1,-0.12245204692669
02-Jun-2020 19:30:00,02-Jun-2020 21:00:00,commodity_1,-0.0575904926743544
05-Jun-2020 15:00:00,05-Jun-2020 21:00:00,commodity_1,0.573656509206977
11-Jun-2020 15:00:00,11-Jun-2020 21:00:00,commodity_1,1.4584488534912
15-Jun-2020 15:00:00,15-Jun-2020 21:00:00,commodity_1,-2.28458424271148
16-Jun-2020 15:00:00,16-Jun-2020 21:00:00,commodity_1,-0.833194456088389
19-Jun-2020 15:00:00,19-Jun-2020 21:00:00,commodity_1,-0.372126633169377
22-Jun-2020 19:30:00,22-Jun-2020 21:00:00,commodity_1,-0.0217612186821599
24-Jun-2020 16:00:00,24-Jun-2020 21:00:00,commodity_1,0.421628611586273
29-Jun-2020 17:30:00,29-Jun-2020 21:00:00,commodity_1,0.0859771169499322
09-Jul-2020 16:00:00,09-Jul-2020 21:00:00,commodity_1,-0
10-Jul-2020 19:30:00,10-Jul-2020 21:00:00,commodity_1,-0.0213998791233911
21-Jul-2020 15:00:00,21-Jul-2020 21:00:00,commodity_1,-0.455227305803838
30-Jul-2020 15:00:00,30-Jul-2020 21:00:00,commodity_1,-0.175484057460375
04-Aug-2020 19:00:00,04-Aug-2020 21:00:00,commodity_1,-0.184998970983155
05-Aug-2020 15:00:00,05-Aug-2020 21:00:00,commodity_1,-1.18452073912112
20-Aug-2020 15:00:00,20-Aug-2020 21:00:00,commodity_1,-0.765360276785184
21-Aug-2020 17:00:00,21-Aug-2020 21:00:00,commodity_1,-0.592368907173928
02-Sep-2020 17:00:00,02-Sep-2020 21:00:00,commodity_1,0.228089224685845
04-Sep-2020 16:00:00,04-Sep-2020 21:00:00,commodity_1,0.493365215099464
08-Sep-2020 15:00:00,08-Sep-2020 21:00:00,commodity_1,-0.518464190813662
09-Sep-2020 17:00:00,09-Sep-2020 21:00:00,commodity_1,0.0644085290509582
15-Sep-2020 18:30:00,15-Sep-2020 21:00:00,commodity_1,0.00760075320569301
16-Sep-2020 15:30:00,16-Sep-2020 21:00:00,commodity_1,0.574579953187233
21-Sep-2020 15:30:00,21-Sep-2020 21:00:00,commodity_1,-0.0182956211899177
29-Sep-2020 16:00:00,29-Sep-2020 21:00:00,commodity_1,0.167393529176816
30-Sep-2020 19:30:00,30-Sep-2020 21:00:00,commodity_1,-0.171515942720644
01-Oct-2020 15:30:00,01-Oct-2020 21:00:00,commodity_1,-0.91993010067938
02-Oct-2020 15:00:00,02-Oct-2020 21:00:00,commodity_1,0.176349191905284
05-Oct-2020 15:00:00,05-Oct-2020 21:00:00,commodity_1,0.505123570879816
06-Oct-2020 15:00:00,06-Oct-2020 21:00:00,commodity_1,-0.242655536464974
08-Oct-2020 18:00:00,08-Oct-2020 21:00:00,commodity_1,0.0283316045924446
12-Oct-2020 16:00:00,12-Oct-2020 21:00:00,commodity_1,0.035441163266014
15-Oct-2020 15:00:00,15-Oct-2020 21:00:00,commodity_1,-1.10206184865208
21-Oct-2020 16:30:00,21-Oct-2020 21:00:00,commodity_1,0.0249851979305679
26-Oct-2020 15:00:00,26-Oct-2020 21:00:00,commodity_1,-0.00767612980015038
27-Oct-2020 17:30:00,27-Oct-2020 21:00:00,commodity_1,-0.23375590230168
28-Oct-2020 15:00:00,28-Oct-2020 21:00:00,commodity_1,0.0727647749732084
29-Oct-2020 15:00:00,29-Oct-2020 21:00:00,commodity_1,0.0432835836064386
03-Nov-2020 15:00:00,03-Nov-2020 21:00:00,commodity_1,-0.37739472009593
04-Nov-2020 17:00:00,04-Nov-2020 21:00:00,commodity_1,0.0488452488683013
06-Nov-2020 17:00:00,06-Nov-2020 21:00:00,commodity_1,0.0229426390227417
09-Nov-2020 15:00:00,09-Nov-2020 21:00:00,commodity_1,-0.855831438413355
10-Nov-2020 17:00:00,10-Nov-2020 21:00:00,commodity_1,0.175312126779509
11-Nov-2020 15:30:00,11-Nov-2020 21:00:00,commodity_1,-0.653727153717478
16-Nov-2020 15:00:00,16-Nov-2020 21:00:00,commodity_1,-0.0365420192717687
24-Nov-2020 15:00:00,24-Nov-2020 21:00:00,commodity_1,0.271758227189784
02-Dec-2020 17:30:00,02-Dec-2020 21:00:00,commodity_1,-0.376313754548295
10-Dec-2020 15:30:00,10-Dec-2020 21:00:00,commodity_1,-0.312991059411727
21-Dec-2020 15:00:00,21-Dec-2020 21:00:00,commodity_1,-0.460735046103161
23-Dec-2020 16:30:00,23-Dec-2020 21:00:00,commodity_1,-0.243938768266758
05-Jan-2021 15:00:00,05-Jan-2021 21:00:00,commodity_1,0.541434338885333
15-Jan-2021 16:00:00,15-Jan-2021 21:00:00,commodity_1,-0.171884235536993
12-Feb-2021 17:30:00,12-Feb-2021 21:00:00,commodity_1,-0.203027701891981
22-Feb-2021 15:00:00,22-Feb-2021 21:00:00,commodity_1,0.646991124219734
26-Feb-2021 19:30:00,26-Feb-2021 21:00:00,commodity_1,-0.105281230705769
03-Mar-2021 16:00:00,03-Mar-2021 21:00:00,commodity_1,-0.298920252994989
04-Mar-2021 16:00:00,04-Mar-2021 21:00:00,commodity_1,-0.213356691028376
05-Mar-2021 17:00:00,05-Mar-2021 21:00:00,commodity_1,0.196633535575934
18-Mar-2021 15:00:00,18-Mar-2021 21:00:00,commodity_1,2.47592330917916
19-Mar-2021 17:00:00,19-Mar-2021 21:00:00,commodity_1,-0.0157696773188303
23-Mar-2021 15:00:00,23-Mar-2021 21:00:00,commodity_1,1.29965185414089
24-Mar-2021 15:00:00,24-Mar-2021 21:00:00,commodity_1,0
